Nr,faza_I_2013,faza_I_2014,faza_I_2015,coeff_exams,coeff_school,program_unique,uni_unique
1,Programi i studimit 001 : Histori,Programi i studimit 001 : Histori,Programi i studimit 001 : Histori,Programi i studimit 1 :  Histori ,Programi i studimit 1 :  Histori ,Programi i studimit 001 : Histori,UNIVERSITETI I TIRANËS
2,Programi i studimit 002 : Gjeografi,Programi i studimit 002 : Gjeografi,Programi i studimit 002 : Gjeografi,Programi i studimit 2 :  Gjeografi ,Programi i studimit 2 :  Gjeografi ,Programi i studimit 002 : Gjeografi,UNIVERSITETI I TIRANËS
3,Programi i studimit 003 : Gjuhë - Letërsi,Programi i studimit 003 : Gjuhë - Letërsi,Programi i studimit 003 : Gjuhë - Letërsi,Programi i studimit 3 :  Gjuhë - Letërsi ,Programi i studimit 3 :  Gjuhë - Letërsi ,Programi i studimit 003 : Gjuhë - Letërsi,UNIVERSITETI I TIRANËS
4,Programi i studimit 004 : Gazetari,Programi i studimit 004 : Gazetari,Programi i studimit 004 : Gazetari,Programi i studimit 4 :  Gazetari ,Programi i studimit 4 :  Gazetari ,Programi i studimit 004 : Gazetari,UNIVERSITETI I TIRANËS
5,,Programi i studimit 005 : Arkeologji,Programi i studimit 005 : Arkeologji,Programi i studimit 5 :  Arkeologji dhe Trashëgimi kulturore ,Programi i studimit 5 :  Arkeologji dhe Trashëgimi kulturore ,Programi i studimit 005 : Arkeologji,UNIVERSITETI I TIRANËS
6,Programi i studimit 005 : Biologji,Programi i studimit 006 : Biologji,Programi i studimit 006 : Biologji,Programi i studimit 6 :  Biologji ,Programi i studimit 6 :  Biologji ,Programi i studimit 005 : Biologji,UNIVERSITETI I TIRANËS
7,Programi i studimit 006 : Bioteknologji,Programi i studimit 007 : Bioteknologji,Programi i studimit 007 : Bioteknologji,Programi i studimit 7 :  Bioteknologji  ,Programi i studimit 7 :  Bioteknologji  ,Programi i studimit 006 : Bioteknologji,UNIVERSITETI I TIRANËS
8,Programi i studimit 007 : Matematikë,Programi i studimit 008 : Matematikë,Programi i studimit 008 : Matematikë,Programi i studimit 8 :  Matematikë ,Programi i studimit 8 :  Matematikë ,Programi i studimit 007 : Matematikë,UNIVERSITETI I TIRANËS
9,Programi i studimit 008 : Fizikë,Programi i studimit 009 : Fizikë,Programi i studimit 009 : Fizikë,Programi i studimit 9 :  Fizikë ,Programi i studimit 9 :  Fizikë ,Programi i studimit 008 : Fizikë,UNIVERSITETI I TIRANËS
10,Programi i studimit 009 : Informatikë,Programi i studimit 010 : Informatikë,Programi i studimit 010 : Informatikë,Programi i studimit 10 :  Informatikë ,Programi i studimit 10 :  Informatikë ,Programi i studimit 009 : Informatikë,UNIVERSITETI I TIRANËS
11,Programi i studimit 010 : Kimi,Programi i studimit 011 : Kimi,Programi i studimit 011 : Kimi,Programi i studimit 11 :  Kimi ,Programi i studimit 11 :  Kimi ,Programi i studimit 010 : Kimi,UNIVERSITETI I TIRANËS
12,Programi i studimit 011 : Kimi dhe Teknologji Ushqimore,Programi i studimit 012 : Kimi dhe Teknologji Ushqimore,Programi i studimit 012 : Kimi dhe Teknologji Ushqimore,Programi i studimit 12 :  Kimi dhe Teknologji Ushqimore ,Programi i studimit 12 :  Kimi dhe Teknologji Ushqimore ,Programi i studimit 011 : Kimi dhe Teknologji Ushqimore,UNIVERSITETI I TIRANËS
13,Programi i studimit 012 : Kimi Industriale dhe Mjedisore,Programi i studimit 013 : Kimi Industriale dhe Mjedisore,Programi i studimit 013 : Kimi Industriale dhe Mjedisore,Programi i studimit 13 :  Kimi Industriale dhe Mjedisore ,Programi i studimit 13 :  Kimi Industriale dhe Mjedisore ,Programi i studimit 012 : Kimi Industriale dhe Mjedisore,UNIVERSITETI I TIRANËS
14,"Programi i studimit 013 : Inxhinieri Matematike dhe
Informatike","Programi i studimit 014 : Inxhinieri Matematike dhe
Informatike","Programi i studimit 014 : Inxhinieri Matematike dhe
Informatike",Programi i studimit 14 :  Inxhinieri Matematike dhe Informatike ,Programi i studimit 14 :  Inxhinieri Matematike dhe Informatike ,"Programi i studimit 013 : Inxhinieri Matematike dhe
Informatike",UNIVERSITETI I TIRANËS
15,"Programi i studimit 014 : Teknologji Informacioni dhe
Komunikimi","Programi i studimit 015 : Teknologji Informacioni dhe
Komunikimi","Programi i studimit 015 : Teknologji Informacioni dhe
Komunikimi",Programi i studimit 15 :  Teknologji Informacioni dhe Komunikimi ,Programi i studimit 15 :  Teknologji Informacioni dhe Komunikimi ,"Programi i studimit 014 : Teknologji Informacioni dhe
Komunikimi",UNIVERSITETI I TIRANËS
16,Programi i studimit 015 : Gjuhë Angleze,Programi i studimit 016 : Gjuhë Angleze,Programi i studimit 016 : Gjuhë Angleze,Programi i studimit 16 :  Gjuhë Angleze ,Programi i studimit 16 :  Gjuhë Angleze ,Programi i studimit 015 : Gjuhë Angleze,UNIVERSITETI I TIRANËS
17,Programi i studimit 016 : Gjuhë Frënge,Programi i studimit 017 : Gjuhë Frënge,Programi i studimit 017 : Gjuhë Frënge,Programi i studimit 17 :  Gjuhë Frënge ,Programi i studimit 17 :  Gjuhë Frënge ,Programi i studimit 016 : Gjuhë Frënge,UNIVERSITETI I TIRANËS
18,Programi i studimit 017 : Gjuhë Gjermane,Programi i studimit 018 : Gjuhë Gjermane,Programi i studimit 018 : Gjuhë Gjermane,Programi i studimit 18 :  Gjuhë Gjermane ,Programi i studimit 18 :  Gjuhë Gjermane ,Programi i studimit 017 : Gjuhë Gjermane,UNIVERSITETI I TIRANËS
19,Programi i studimit 018 : Gjuhë Italiane,Programi i studimit 019 : Gjuhë Italiane,Programi i studimit 019 : Gjuhë Italiane,Programi i studimit 19 :  Gjuhë Italiane ,Programi i studimit 19 :  Gjuhë Italiane ,Programi i studimit 018 : Gjuhë Italiane,UNIVERSITETI I TIRANËS
20,Programi i studimit 019 : Gjuhë Greke,Programi i studimit 020 : Gjuhë Greke,Programi i studimit 020 : Gjuhë Greke,Programi i studimit 20 :  Gjuhë Greke ,Programi i studimit 20 :  Gjuhë Greke ,Programi i studimit 019 : Gjuhë Greke,UNIVERSITETI I TIRANËS
21,Programi i studimit 020 : Gjuhë Turke,Programi i studimit 021 : Gjuhë Turke,Programi i studimit 021 : Gjuhë Turke,Programi i studimit 21 :  Gjuhë Turke ,Programi i studimit 21 :  Gjuhë Turke ,Programi i studimit 020 : Gjuhë Turke,UNIVERSITETI I TIRANËS
22,Programi i studimit 021 : Gjuhë Ruse,Programi i studimit 022 : Gjuhë Ruse,Programi i studimit 022 : Gjuhë Ruse,Programi i studimit 22 :  Gjuhë Ruse ,Programi i studimit 22 :  Gjuhë Ruse ,Programi i studimit 021 : Gjuhë Ruse,UNIVERSITETI I TIRANËS
23,Programi i studimit 022 : Gjuhë Spanjolle,Programi i studimit 023 : Gjuhë Spanjolle me profil Gjuhë - letërsi dhe qytetërim hispanik,Programi i studimit 023 : Gjuhë Spanjolle me profil Gjuhë - letërsi dhe qytetërim hispanik,Programi i studimit 23 :  Gjuhë Spanjolle me profil Gjuhë - letërsi dhe qytetërim hispanik ,Programi i studimit 23 :  Gjuhë Spanjolle me profil Gjuhë - letërsi dhe qytetërim hispanik ,Programi i studimit 022 : Gjuhë Spanjolle,UNIVERSITETI I TIRANËS
24,Programi i studimit 023 : Gjuhë Angleze (Kukës),,,,,Programi i studimit 023 : Gjuhë Angleze (Kukës),UNIVERSITETI I TIRANËS
25,Programi i studimit 024 : Gjuhë Angleze (Sarandë),,Programi i studimit 024 : Gjuhë Angleze (Sarandë),,,Programi i studimit 024 : Gjuhë Angleze (Sarandë),UNIVERSITETI I TIRANËS
26,Programi i studimit 025 : Psikologji,Programi i studimit 024 : Psikologji,Programi i studimit 025 : Psikologji,Programi i studimit 24 :  Psikologji ,Programi i studimit 24 :  Psikologji ,Programi i studimit 025 : Psikologji,UNIVERSITETI I TIRANËS
27,Programi i studimit 026 : Punë Sociale,Programi i studimit 025 : Punë Sociale,Programi i studimit 026 : Punë Sociale,Programi i studimit 25 :  Punë Sociale ,Programi i studimit 25 :  Punë Sociale ,Programi i studimit 026 : Punë Sociale,UNIVERSITETI I TIRANËS
28,Programi i studimit 027 : Filozofi,Programi i studimit 026 : Filozofi,Programi i studimit 027 : Filozofi,Programi i studimit 26 :  Filozofi ,Programi i studimit 26 :  Filozofi ,Programi i studimit 027 : Filozofi,UNIVERSITETI I TIRANËS
29,Programi i studimit 028 : Sociologji,Programi i studimit 027 : Sociologji,Programi i studimit 028 : Sociologji,Programi i studimit 27 :  Sociologji ,Programi i studimit 27 :  Sociologji ,Programi i studimit 028 : Sociologji,UNIVERSITETI I TIRANËS
30,Programi i studimit 029 : Shkenca Politike,Programi i studimit 028 : Shkenca Politike,Programi i studimit 029 : Shkenca Politike,Programi i studimit 28 :  Shkenca Politike ,Programi i studimit 28 :  Shkenca Politike ,Programi i studimit 029 : Shkenca Politike,UNIVERSITETI I TIRANËS
31,Programi i studimit 030 : Administrim dhe Politika Sociale,Programi i studimit 029 : Administrim dhe Politika Sociale,Programi i studimit 030 : Administrim dhe Politika Sociale,Programi i studimit 29 :  Administrim dhe Politika Sociale ,Programi i studimit 29 :  Administrim dhe Politika Sociale ,Programi i studimit 030 : Administrim dhe Politika Sociale,UNIVERSITETI I TIRANËS
32,Programi i studimit 031 : Administrim - Biznes,Programi i studimit 030 : Administrim - Biznes,Programi i studimit 031 : Administrim - Biznes,Programi i studimit 30 :  Administrim - Biznes ,Programi i studimit 30 :  Administrim - Biznes ,Programi i studimit 031 : Administrim - Biznes,UNIVERSITETI I TIRANËS
33,Programi i studimit 032 : Ekonomiks,Programi i studimit 031 : Ekonomiks,Programi i studimit 032 : Ekonomiks,Programi i studimit 31 :  Ekonomiks ,Programi i studimit 31 :  Ekonomiks ,Programi i studimit 032 : Ekonomiks,UNIVERSITETI I TIRANËS
34,Programi i studimit 033 : Financë,Programi i studimit 032 : Financë,Programi i studimit 033 : Financë,Programi i studimit 32 :  Financë ,Programi i studimit 32 :  Financë ,Programi i studimit 033 : Financë,UNIVERSITETI I TIRANËS
35,Programi i studimit 034 : Informatikë Ekonomike,Programi i studimit 033 : Informatikë Ekonomike,Programi i studimit 034 : Informatikë Ekonomike,Programi i studimit 33 :  Informatikë Ekonomike ,Programi i studimit 33 :  Informatikë Ekonomike ,Programi i studimit 034 : Informatikë Ekonomike,UNIVERSITETI I TIRANËS
36,Programi i studimit 035 : Administrim - Biznes (Kukës),,,,,Programi i studimit 035 : Administrim - Biznes (Kukës),UNIVERSITETI I TIRANËS
37,Programi i studimit 036 : Administrim- Biznes ( Sarandë),,Programi i studimit 035 : Administrim- Biznes ( Sarandë),,,Programi i studimit 036 : Administrim- Biznes ( Sarandë),UNIVERSITETI I TIRANËS
38,Programi i studimit 049 : Drejtësi,Programi i studimit 034 : Drejtësi,Programi i studimit 036 : Drejtësi,Programi i studimit 34 :  Drejtësi ,Programi i studimit 34 :  Drejtësi ,Programi i studimit 036 : Drejtësi,UNIVERSITETI I TIRANËS
39,Programi i studimit 037 : Mjekësi e Përgjithshme,Programi i studimit 035 : Mjekësi e Përgjithshme,Programi i studimit 037 : Mjekësi e Përgjithshme,Programi i studimit 35 :  Mjekësi e Përgjithshme ,Programi i studimit 35 :  Mjekësi e Përgjithshme ,Programi i studimit 037 : Mjekësi e Përgjithshme,UNIVERISTETI MJEKËSOR I TIRANËS
40,Programi i studimit 038 : Farmaci,Programi i studimit 036 : Farmaci,Programi i studimit 038 : Farmaci,Programi i studimit 36 :  Farmaci ,Programi i studimit 36 :  Farmaci ,Programi i studimit 038 : Farmaci,UNIVERISTETI MJEKËSOR I TIRANËS
41,Programi i studimit 039 : Stomatologji,Programi i studimit 037 : Stomatologji,Programi i studimit 039 : Stomatologji,Programi i studimit 37 :  Stomatologji ,Programi i studimit 37 :  Stomatologji ,Programi i studimit 039 : Stomatologji,UNIVERISTETI MJEKËSOR I TIRANËS
42,Programi i studimit 040 : Shëndet Publik,Programi i studimit 038 : Shëndet Publik,,Programi i studimit 38 :  Shëndet Publik ,Programi i studimit 38 :  Shëndet Publik ,Programi i studimit 040 : Shëndet Publik,UNIVERISTETI MJEKËSOR I TIRANËS
43,Programi i studimit 041 : Infermieri e Përgjithshme,Programi i studimit 039 : Infermieri e Përgjithshme,Programi i studimit 040 : Infermieri e Përgjithshme,Programi i studimit 39 :  Infermieri e Përgjithshme ,Programi i studimit 39 :  Infermieri e Përgjithshme ,Programi i studimit 041 : Infermieri e Përgjithshme,UNIVERISTETI MJEKËSOR I TIRANËS
44,Programi i studimit 042 : Mami,Programi i studimit 040 : Mami,Programi i studimit 041 : Mami,Programi i studimit 40 :  Mami ,Programi i studimit 40 :  Mami ,Programi i studimit 042 : Mami,UNIVERISTETI MJEKËSOR I TIRANËS
45,Programi i studimit 043 : Teknik i Lartë Laboratori,Programi i studimit 041 : Teknik i Lartë Laboratori,Programi i studimit 042 : Teknikë e Lartë Laboratorike,Programi i studimit 41 :  Teknik i Lartë Laboratori ,Programi i studimit 41 :  Teknik i Lartë Laboratori ,Programi i studimit 043 : Teknik i Lartë Laboratori,UNIVERISTETI MJEKËSOR I TIRANËS
46,Programi i studimit 044 : Fizioterapi,Programi i studimit 042 : Fizioterapi,Programi i studimit 043 : Fizioterapi,Programi i studimit 42 :  Fizioterapi ,Programi i studimit 42 :  Fizioterapi ,Programi i studimit 044 : Fizioterapi,UNIVERISTETI MJEKËSOR I TIRANËS
47,Programi i studimit 045 : Logopedi,Programi i studimit 043 : Logopedi,Programi i studimit 044 : Logopedi,Programi i studimit 43 :  Logopedi ,Programi i studimit 43 :  Logopedi ,Programi i studimit 045 : Logopedi,UNIVERISTETI MJEKËSOR I TIRANËS
48,Programi i studimit 046 : Imazheri,Programi i studimit 044 : Imazheri,Programi i studimit 045 : Imazheri,Programi i studimit 44 :  Imazheri ,Programi i studimit 44 :  Imazheri ,Programi i studimit 046 : Imazheri,UNIVERISTETI MJEKËSOR I TIRANËS
49,Programi i studimit 047 : Infermieri e Përgjithshme (Kukës),,,,,Programi i studimit 047 : Infermieri e Përgjithshme (Kukës),UNIVERISTETI MJEKËSOR I TIRANËS
50,Programi i studimit 048 : Infermieri e Përgjithshme (Sarandë),,,,,Programi i studimit 048 : Infermieri e Përgjithshme (Sarandë),UNIVERISTETI MJEKËSOR I TIRANËS
52,Programi i studimit 050 : Menaxhim Agrobiznesi,Programi i studimit 045 : Menaxhim Agrobiznesi,Programi i studimit 046 : Menaxhim Agrobiznesi,Programi i studimit 45 :  Menaxhim Agrobiznesi ,Programi i studimit 45 :  Menaxhim Agrobiznesi ,Programi i studimit 050 : Menaxhim Agrobiznesi,UNIVERSITETI BUJQËSOR I TIRANËS
53,Programi i studimit 051 : Menaxhim Agrobiznesi (Lushnjë),,,,,Programi i studimit 051 : Menaxhim Agrobiznesi (Lushnjë),UNIVERSITETI BUJQËSOR I TIRANËS
54,Programi i studimit 052 : Ekonomi dhe Politikë Agrare,Programi i studimit 046 : Ekonomi dhe Politikë Agrare,Programi i studimit 047 : Ekonomi dhe Politikë Agrare,Programi i studimit 46 :  Ekonomi dhe Politikë Agrare ,Programi i studimit 46 :  Ekonomi dhe Politikë Agrare ,Programi i studimit 052 : Ekonomi dhe Politikë Agrare,UNIVERSITETI BUJQËSOR I TIRANËS
55,Programi i studimit 053 : Financë – Kontabilitet,Programi i studimit 047 : Financë – Kontabilitet,Programi i studimit 048 : Financë – Kontabilitet,Programi i studimit 47 :  Financë – Kontabilitet ,Programi i studimit 47 :  Financë – Kontabilitet ,Programi i studimit 053 : Financë – Kontabilitet,UNIVERSITETI BUJQËSOR I TIRANËS
56,Programi i studimit 054 : Financë – Kontabilitet  (Lushnjë),,,,,Programi i studimit 054 : Financë – Kontabilitet  (Lushnjë),UNIVERSITETI BUJQËSOR I TIRANËS
57,Programi i studimit 055 : Menaxhim i Turizmit Rural,Programi i studimit 048 : Menaxhim i Turizmit Rural,Programi i studimit 049 : Menaxhim i Turizmit Rural,Programi i studimit 48 :  Menaxhim i Turizmit Rural ,Programi i studimit 48 :  Menaxhim i Turizmit Rural ,Programi i studimit 055 : Menaxhim i Turizmit Rural,UNIVERSITETI BUJQËSOR I TIRANËS
58,,Programi i studimit 049 : Informatikë Biznesi,Programi i studimit 050 : Informatikë Biznesi,Programi i studimit 49 :  Informatikë Biznesi ,Programi i studimit 49 : Informatikë Biznesi,Programi i studimit 050 : Informatikë Biznesi,UNIVERSITETI BUJQËSOR I TIRANËS
59,,Programi i studimit 050 : Ekonomiks i Aplikuar,Programi i studimit 051 : Ekonomiks i Aplikuar,Programi i studimit 50 :  Ekonomiks i Aplikuar ,Programi i studimit 50 :  Ekonomiks i Aplikuar ,Programi i studimit 051 : Ekonomiks i Aplikuar,UNIVERSITETI BUJQËSOR I TIRANËS
60,Programi i studimit 056 : Mbrojtje Bimësh,Programi i studimit 051 : Mbrojtje Bimësh,Programi i studimit 052 : Mbrojtje Bimësh,Programi i studimit 51 :  Mbrojtje Bimësh ,Programi i studimit 51 :  Mbrojtje Bimësh ,Programi i studimit 056 : Mbrojtje Bimësh,UNIVERSITETI BUJQËSOR I TIRANËS
61,Programi i studimit 057 : Hortikulturë,Programi i studimit 052 : Hortikulturë,Programi i studimit 053 : Hortikulturë,Programi i studimit 52 :  Hortikulturë ,Programi i studimit 52 :  Hortikulturë ,Programi i studimit 057 : Hortikulturë,UNIVERSITETI BUJQËSOR I TIRANËS
62,Programi i studimit 058 : Hortikulturë (Lushnjë),,,,,Programi i studimit 058 : Hortikulturë (Lushnjë),UNIVERSITETI BUJQËSOR I TIRANËS
63,Programi i studimit 059 : Prodhim Bimor,Programi i studimit 053 : Prodhim Bimor,Programi i studimit 054 : Prodhim Bimor,Programi i studimit 53 :  Prodhim Bimor ,Programi i studimit 53 :  Prodhim Bimor ,Programi i studimit 059 : Prodhim Bimor,UNIVERSITETI BUJQËSOR I TIRANËS
64,Programi i studimit 060 : Zootekni dhe Biznes Blegtoral,Programi i studimit 054 : Zootekni dhe Biznes Blegtoral,Programi i studimit 055 : Zootekni dhe Biznes Blegtoral,Programi i studimit 54 :  Zootekni dhe Biznes Blegtoral ,Programi i studimit 54 :  Zootekni dhe Biznes Blegtoral ,Programi i studimit 060 : Zootekni dhe Biznes Blegtoral,UNIVERSITETI BUJQËSOR I TIRANËS
65,"Programi i studimit 061 : Akuakulturë dhe Menaxhim
Peshkimi","Programi i studimit 055 : Akuakulturë dhe Menaxhim
Peshkimi","Programi i studimit 056 : Akuakulturë dhe Menaxhim
Peshkimi",Programi i studimit 55 :  Akuakulturë dhe Menaxhim Peshkimi ,Programi i studimit 55 :  Akuakulturë dhe Menaxhim Peshkimi ,"Programi i studimit 061 : Akuakulturë dhe Menaxhim
Peshkimi",UNIVERSITETI BUJQËSOR I TIRANËS
66,Programi i studimit 062 : Agromjedis dhe Ekologji,Programi i studimit 056 : Agromjedis dhe Ekologji,Programi i studimit 057 : Agromjedis dhe Ekologji,Programi i studimit 56 :  Agromjedis dhe Ekologji ,Programi i studimit 56 :  Agromjedis dhe Ekologji ,Programi i studimit 062 : Agromjedis dhe Ekologji,UNIVERSITETI BUJQËSOR I TIRANËS
67,Programi i studimit 063 : Inxhinieri Agrare - Agromekanizim,Programi i studimit 057 : Inxhinieri Agrare - Agromekanizim,Programi i studimit 058 : Inxhinieri Agrare - Agromekanizim,Programi i studimit 57 :  Inxhinieri Agrare - Agromekanizim ,Programi i studimit 57 :  Inxhinieri Agrare - Agromekanizim ,Programi i studimit 063 : Inxhinieri Agrare - Agromekanizim,UNIVERSITETI BUJQËSOR I TIRANËS
68,Programi i studimit 064 : Teknologji Agroushqimore,Programi i studimit 058 : Teknologji Agroushqimore,Programi i studimit 059 : Teknologji Agroushqimore,Programi i studimit 58 :  Teknologji Agroushqimore ,Programi i studimit 58 :  Teknologji Agroushqimore ,Programi i studimit 064 : Teknologji Agroushqimore,UNIVERSITETI BUJQËSOR I TIRANËS
69,Programi i studimit 065 : Vreshtari - Enologji,Programi i studimit 059 : Vreshtari - Enologji,Programi i studimit 060 : Vreshtari - Enologji,Programi i studimit 59 :  Vreshtari - Enologji ,Programi i studimit 59 :  Vreshtari - Enologji ,Programi i studimit 065 : Vreshtari - Enologji,UNIVERSITETI BUJQËSOR I TIRANËS
70,Programi i studimit 066 : Mbarështim Pyjesh,Programi i studimit 060 : Mbarështim Pyjesh,Programi i studimit 061 : Mbarështim Pyjesh,Programi i studimit 60 :  Mbarështim Pyjesh ,Programi i studimit 60 :  Mbarështim Pyjesh ,Programi i studimit 066 : Mbarështim Pyjesh,UNIVERSITETI BUJQËSOR I TIRANËS
71,Programi i studimit 067 : Përpunim Druri,Programi i studimit 061 : Përpunim Druri,Programi i studimit 062 : Përpunim Druri,Programi i studimit 61 :  Përpunim Druri ,Programi i studimit 61 :  Përpunim Druri ,Programi i studimit 067 : Përpunim Druri,UNIVERSITETI BUJQËSOR I TIRANËS
72,Programi i studimit 068 : Mjekësi Veterinare,Programi i studimit 062 : Mjekësi Veterinare,Programi i studimit 063 : Mjekësi Veterinare,Programi i studimit 62 :  Mjekësi Veterinare ,Programi i studimit 62 :  Mjekësi Veterinare ,Programi i studimit 068 : Mjekësi Veterinare,UNIVERSITETI BUJQËSOR I TIRANËS
73,Programi i studimit 069 : Menaxhim Veterinar (2  vjeçar) (Lushnjë),,Programi i studimit 064 : Menaxhim veterinar (2 vjecar),,,Programi i studimit 069 : Menaxhim Veterinar (2  vjeçar) (Lushnjë),UNIVERSITETI BUJQËSOR I TIRANËS
74,Programi i studimit 070 : Menaxhim Veterinar (2 vjeçar) (Gjirokastër),,,,,Programi i studimit 070 : Menaxhim Veterinar (2 vjeçar) (Gjirokastër),UNIVERSITETI BUJQËSOR I TIRANËS
75,Programi i studimit 071 : Inxhinieri  Ndërtimi,Programi i studimit 063 : Inxhinieri  Ndërtimi,Programi i studimit 065 : Inxhinieri  Ndërtimi,Programi i studimit 63 :  Inxhinieri  Ndërtimi ,Programi i studimit 63 :  Inxhinieri  Ndërtimi ,Programi i studimit 071 : Inxhinieri  Ndërtimi,UNIVERSITETI POLITEKNIK I TIRANËS
76,Programi i studimit 072 : Inxhinieri Hidroteknike,Programi i studimit 064 : Inxhinieri Hidroteknike,Programi i studimit 066 : Inxhinieri Hidroteknike,Programi i studimit 64 :  Inxhinieri Hidroteknike ,Programi i studimit 64 :  Inxhinieri Hidroteknike ,Programi i studimit 072 : Inxhinieri Hidroteknike,UNIVERSITETI POLITEKNIK I TIRANËS
77,Programi i studimit 073 : Inxhinieri Mjedisi,Programi i studimit 065 : Inxhinieri Mjedisi,Programi i studimit 067 : Inxhinieri Mjedisi,Programi i studimit 65 :  Inxhinieri Mjedisi ,Programi i studimit 65 :  Inxhinieri Mjedisi ,Programi i studimit 073 : Inxhinieri Mjedisi,UNIVERSITETI POLITEKNIK I TIRANËS
78,Programi i studimit 074 : Arkitekturë (Arkitekt),Programi i studimit 066 : Arkitekturë (Arkitekt),Programi i studimit 068 : Arkitekturë (Arkitekt),Programi i studimit 66 :  Arkitekturë (Arkitekt) ,Programi i studimit 66 :  Arkitekturë (Arkitekt) ,Programi i studimit 074 : Arkitekturë (Arkitekt),UNIVERSITETI POLITEKNIK I TIRANËS
79,Programi i studimit 075 : Arkitekturë (Urbanist),Programi i studimit 067 : Arkitekturë (Urbanist),Programi i studimit 069 : Arkitekturë (Urbanist),Programi i studimit 67 :  Arkitekturë (Urbanist) ,Programi i studimit 67 :  Arkitekturë (Urbanist) ,Programi i studimit 075 : Arkitekturë (Urbanist),UNIVERSITETI POLITEKNIK I TIRANËS
80,Programi i studimit 076 : Inxhinieri Gjeodet,Programi i studimit 068 : Inxhinieri Gjeodet,Programi i studimit 070 : Inxhinieri Gjeodezi,Programi i studimit 68 :  Inxhinieri Gjeodet ,Programi i studimit 68 :  Inxhinieri Gjeodet ,Programi i studimit 076 : Inxhinieri Gjeodet,UNIVERSITETI POLITEKNIK I TIRANËS
81,"Programi i studimit 077 : Inxhinieri Elektrike (Automatizim i
Industrisë)","Programi i studimit 069 : Inxhinieri Elektrike (Automatizim i
Industrisë)","Programi i studimit 071 : Inxhinieri Elektrike (Automatizim i
Industrisë)",Programi i studimit 69 :  Inxhinieri Elektrike (Automatizim i Industrisë) ,Programi i studimit 69 :  Inxhinieri Elektrike (Automatizim i Industrisë) ,"Programi i studimit 077 : Inxhinieri Elektrike (Automatizim i
Industrisë)",UNIVERSITETI POLITEKNIK I TIRANËS
82,Programi i studimit 078 : Inxhinieri Elektrike (Energjitikë),Programi i studimit 070 : Inxhinieri Elektrike (Energjitikë),Programi i studimit 072 : Inxhinieri Elektrike (Energjitikë),Programi i studimit 70 :  Inxhinieri Elektrike (Energjitikë) ,Programi i studimit 70 :  Inxhinieri Elektrike (Energjitikë) ,Programi i studimit 078 : Inxhinieri Elektrike (Energjitikë),UNIVERSITETI POLITEKNIK I TIRANËS
83,Programi i studimit 079 : Inxhinieri Mekatronike,Programi i studimit 071 : Inxhinieri Mekatronike,Programi i studimit 073 : Inxhinieri Mekatronike,Programi i studimit 71 :  Inxhinieri Mekatronike ,Programi i studimit 71 :  Inxhinieri Mekatronike ,Programi i studimit 079 : Inxhinieri Mekatronike,UNIVERSITETI POLITEKNIK I TIRANËS
84,Programi i studimit 080 : Inxhinieri Fizike,Programi i studimit 072 : Inxhinieri Fizike,Programi i studimit 074 : Inxhinieri Fizike,Programi i studimit 72 :  Inxhinieri Fizike ,Programi i studimit 72 :  Inxhinieri Fizike ,Programi i studimit 080 : Inxhinieri Fizike,UNIVERSITETI POLITEKNIK I TIRANËS
85,Programi i studimit 081 : Inxhinieri Matematike,Programi i studimit 073 : Inxhinieri Matematike,Programi i studimit 075 : Inxhinieri Matematike,Programi i studimit 73 :  Inxhinieri Matematike ,Programi i studimit 73 :  Inxhinieri Matematike ,Programi i studimit 081 : Inxhinieri Matematike,UNIVERSITETI POLITEKNIK I TIRANËS
86,Programi i studimit 082 : Inxhinieri Mekanike,Programi i studimit 074 : Inxhinieri Mekanike,Programi i studimit 076 : Inxhinieri Mekanike,Programi i studimit 74 :  Inxhinieri Mekanike ,Programi i studimit 74 :  Inxhinieri Mekanike ,Programi i studimit 082 : Inxhinieri Mekanike,UNIVERSITETI POLITEKNIK I TIRANËS
87,Programi i studimit 083 : Inxhinieri Tekstile dhe Modë,Programi i studimit 075 : Inxhinieri Tekstile dhe Modë,Programi i studimit 077 : Inxhinieri Tekstile dhe Modë,Programi i studimit 75 :  Inxhinieri Tekstile dhe Modë ,Programi i studimit 75 :  Inxhinieri Tekstile dhe Modë ,Programi i studimit 083 : Inxhinieri Tekstile dhe Modë,UNIVERSITETI POLITEKNIK I TIRANËS
88,Programi i studimit 084 : Inxhinieri Materiale,Programi i studimit 076 : Inxhinieri Materiale,Programi i studimit 078 : Inxhinieri Materiale,Programi i studimit 76 :  Inxhinieri Materiale ,Programi i studimit 76 :  Inxhinieri Materiale ,Programi i studimit 084 : Inxhinieri Materiale,UNIVERSITETI POLITEKNIK I TIRANËS
89,Programi i studimit 085 : Inxhinieri Ekonomike,Programi i studimit 077 : Inxhinieri Ekonomike,Programi i studimit 079 : Inxhinieri Ekonomike,Programi i studimit 77 :  Inxhinieri Ekonomike ,Programi i studimit 77 :  Inxhinieri Ekonomike ,Programi i studimit 085 : Inxhinieri Ekonomike,UNIVERSITETI POLITEKNIK I TIRANËS
90,Programi i studimit 086 : Inxhinieri Gjeologjike,Programi i studimit 078 : Inxhinieri Gjeologjike,Programi i studimit 080 : Inxhinieri Gjeologjike,Programi i studimit 78 :  Inxhinieri Gjeologjike ,Programi i studimit 78 :  Inxhinieri Gjeologjike ,Programi i studimit 086 : Inxhinieri Gjeologjike,UNIVERSITETI POLITEKNIK I TIRANËS
91,Programi i studimit 087 : Inxhinieri e Burimeve Natyrore,Programi i studimit 079 : Inxhinieri Gjeoburimesh,Programi i studimit 081 : Inxhinieri Gjeoburimesh,Programi i studimit 79 :  Inxhinieri gjeoburimesh ,Programi i studimit 79 :  Inxhinieri gjeoburimesh ,Programi i studimit 087 : Inxhinieri e Burimeve Natyrore,UNIVERSITETI POLITEKNIK I TIRANËS
92,Programi i studimit 088 : Inxhinieri  Gjeoinformatikë,Programi i studimit 080 : Inxhinieri  Gjeoinformatikë,Programi i studimit 082 : Inxhinieri  Gjeoinformatikë,Programi i studimit 80 :  Inxhinieri  Gjeoinformatikë  ,Programi i studimit 80 :  Inxhinieri  Gjeoinformatikë  ,Programi i studimit 088 : Inxhinieri  Gjeoinformatikë,UNIVERSITETI POLITEKNIK I TIRANËS
93,Programi i studimit 089 : Inxhinieri Gjeomjedis,Programi i studimit 081 : Inxhinieri Gjeomjedis,Programi i studimit 083 : Inxhinieri Gjeomjedis,Programi i studimit 81 :  Inxhinieri Gjeomjedis ,Programi i studimit 81 :  Inxhinieri Gjeomjedis ,Programi i studimit 089 : Inxhinieri Gjeomjedis,UNIVERSITETI POLITEKNIK I TIRANËS
94,Programi i studimit 090 : Inxhinieri Elektronike,Programi i studimit 082 : Inxhinieri Elektronike,Programi i studimit 084 : Inxhinieri Elektronike,Programi i studimit 82 :  Inxhinieri Elektronike ,Programi i studimit 82 :  Inxhinieri Elektronike ,Programi i studimit 090 : Inxhinieri Elektronike,UNIVERSITETI POLITEKNIK I TIRANËS
95,Programi i studimit 091 : Inxhinieri Informatike,Programi i studimit 083 : Inxhinieri Informatike,Programi i studimit 085 : Inxhinieri Informatike,Programi i studimit 83 :  Inxhinieri Informatike ,Programi i studimit 83 :  Inxhinieri Informatike ,Programi i studimit 091 : Inxhinieri Informatike,UNIVERSITETI POLITEKNIK I TIRANËS
96,Programi i studimit 092 : Inxhinieri Telekomunikacioni,Programi i studimit 084 : Inxhinieri Telekomunikacioni,Programi i studimit 086 : Inxhinieri Telekomunikacioni,Programi i studimit 84 :  Inxhinieri Telekomunikacioni ,Programi i studimit 84 :  Inxhinieri Telekomunikacioni ,Programi i studimit 092 : Inxhinieri Telekomunikacioni,UNIVERSITETI POLITEKNIK I TIRANËS
97,Programi i studimit 093 : Gjuhë - Letërsi,Programi i studimit 085 : Gjuhë - Letërsi,Programi i studimit 087 : Gjuhë - Letërsi,Programi i studimit 85 :  Gjuhë - Letërsi ,Programi i studimit 85 :  Gjuhë - Letërsi ,Programi i studimit 093 : Gjuhë - Letërsi,UNIVERSITETI I KORÇËS “Fan S. Noli”
98,Programi i studimit 094 : Gjuhë Letërsi Shqipe dhe Frënge,,Programi i studimit 088 : Gjuhë dhe Kulturë Frënge,,,Programi i studimit 094 : Gjuhë Letërsi Shqipe dhe Frënge,UNIVERSITETI I KORÇËS “Fan S. Noli”
99,Programi i studimit 095 : Gjuhë Angleze,Programi i studimit 086 : Gjuhë Angleze,Programi i studimit 089 : Gjuhë Angleze,Programi i studimit 86 :  Gjuhë Angleze ,Programi i studimit 86 :  Gjuhë Angleze ,Programi i studimit 095 : Gjuhë Angleze,UNIVERSITETI I KORÇËS “Fan S. Noli”
100,Programi i studimit 096 : Cikël i Ulët,Programi i studimit 087 : Mësuesi për Arsimin Fillor,Programi i studimit 090 : Mësuesi për Arsimin Fillor,Programi i studimit 87 :  Mësuesi për Arsimin Fillor ,Programi i studimit 87 :  Mësuesi për Arsimin Fillor ,Programi i studimit 096 : Cikël i Ulët,UNIVERSITETI I KORÇËS “Fan S. Noli”
101,Programi i studimit 097 : Cikël i Ulët Parashkollor,Programi i studimit 088 : Mësuesi për Arsimin Parashkollor,Programi i studimit 091 : Mësuesi për Arsimin Parashkollor,Programi i studimit 88 :  Mësuesi për Arsimin Parashkollor ,Programi i studimit 88 :  Mësuesi për Arsimin Parashkollor ,Programi i studimit 097 : Cikël i Ulët Parashkollor,UNIVERSITETI I KORÇËS “Fan S. Noli”
102,Programi i studimit 098 : Histori - Gjeografi,Programi i studimit 089 : Histori - Gjeografi,Programi i studimit 092 : Histori - Gjeografi,Programi i studimit 89 :  Histori - Gjeografi ,Programi i studimit 89 :  Histori - Gjeografi ,Programi i studimit 098 : Histori - Gjeografi,UNIVERSITETI I KORÇËS “Fan S. Noli”
103,"Programi i studimit 099 : Cikël i Ulët dhe Anglisht për Cikël
Fillor (Pogradec)",,,,,"Programi i studimit 099 : Cikël i Ulët dhe Anglisht për Cikël
Fillor (Pogradec)",UNIVERSITETI I KORÇËS “Fan S. Noli”
104,Programi i studimit 100 : Filozofi - Sociologji,Programi i studimit 090 : Filozofi - Sociologji,Programi i studimit 093 : Filozofi - Sociologji,Programi i studimit 90 :  Filozofi - Sociologji ,Programi i studimit 90 :  Filozofi - Sociologji ,Programi i studimit 100 : Filozofi - Sociologji,UNIVERSITETI I KORÇËS “Fan S. Noli”
105,Programi i studimit 101 : Matematikë -  Fizikë,Programi i studimit 091 : Matematikë -  Fizikë,Programi i studimit 094 : Matematikë -  Fizikë,Programi i studimit 91 :  Matematikë -  Fizikë ,Programi i studimit 91 :  Matematikë -  Fizikë ,Programi i studimit 101 : Matematikë -  Fizikë,UNIVERSITETI I KORÇËS “Fan S. Noli”
106,Programi i studimit 102 : Matematikë - Informatikë,Programi i studimit 092 : Matematikë - Informatikë,Programi i studimit 095 : Matematikë - Informatikë,Programi i studimit 92 :  Matematikë - Informatikë ,Programi i studimit 92 :  Matematikë - Informatikë ,Programi i studimit 102 : Matematikë - Informatikë,UNIVERSITETI I KORÇËS “Fan S. Noli”
107,Programi i studimit 103 : Biologji - Kimi,Programi i studimit 093 : Biologji - Kimi,Programi i studimit 096 : Biologji - Kimi,Programi i studimit 93 :  Biologji - Kimi ,Programi i studimit 93 :  Biologji - Kimi ,Programi i studimit 103 : Biologji - Kimi,UNIVERSITETI I KORÇËS “Fan S. Noli”
108,Programi i studimit 104 : Teknologji Informacioni,Programi i studimit 094 : Teknologji Informacioni,Programi i studimit 097 : Teknologji Informacioni,Programi i studimit 94 :  Teknologji Informacioni ,Programi i studimit 94 :  Teknologji Informacioni ,Programi i studimit 104 : Teknologji Informacioni,UNIVERSITETI I KORÇËS “Fan S. Noli”
109,Programi i studimit 105 : Infermieri e Përgjithshme,Programi i studimit 095 : Infermieri e Përgjithshme,Programi i studimit 098 : Infermieri e Përgjithshme,Programi i studimit 95 :  Infermieri e Përgjithshme ,Programi i studimit 95 :  Infermieri e Përgjithshme ,Programi i studimit 105 : Infermieri e Përgjithshme,UNIVERSITETI I KORÇËS “Fan S. Noli”
110,Programi i studimit 106 : Mami( Infermier),Programi i studimit 096 : Mami (Infermier),Programi i studimit 099 : Mami (Infermier),Programi i studimit 96 :  Mami (Infermier) ,Programi i studimit 96 :  Mami (Infermier) ,Programi i studimit 106 : Mami( Infermier),UNIVERSITETI I KORÇËS “Fan S. Noli”
111,,Programi i studimit 097 : Administrim dhe Politika Sociale,Programi i studimit 100 : Administrim dhe Politika Sociale,Programi i studimit 97 :  Administrim dhe Politika Sociale ,Programi i studimit 97 :  Administrim dhe Politika Sociale ,Programi i studimit 100 : Administrim dhe Politika Sociale,UNIVERSITETI I KORÇËS “Fan S. Noli”
112,Programi i studimit 107 : Financë - Kontabilitet,Programi i studimit 098 : Financë - Kontabilitet,Programi i studimit 101 : Financë - Kontabilitet,Programi i studimit 98 :  Financë - Kontabilitet ,Programi i studimit 98 :  Financë - Kontabilitet ,Programi i studimit 107 : Financë - Kontabilitet,UNIVERSITETI I KORÇËS “Fan S. Noli”
113,Programi i studimit 108 : Menaxhim,Programi i studimit 099 : Menaxhim,Programi i studimit 102 : Menaxhim,Programi i studimit 99 :  Menaxhim ,Programi i studimit 99 :  Menaxhim ,Programi i studimit 108 : Menaxhim,UNIVERSITETI I KORÇËS “Fan S. Noli”
114,Programi i studimit 109 : Marketing,Programi i studimit 100 : Administrim Biznesi në Marketing,Programi i studimit 103 : Administrim Biznesi në Marketing,Programi i studimit 100 :  Administrim Biznesi në Marketing ,Programi i studimit 100 :  Administrim Biznesi në Marketing ,Programi i studimit 109 : Marketing,UNIVERSITETI I KORÇËS “Fan S. Noli”
115,Programi i studimit 110 : Turizëm,Programi i studimit 101 : Administrim Biznesi në Turizëm,Programi i studimit 104 : Administrim Biznesi në Turizëm,Programi i studimit 101 :  Administrim Biznesi në Turizëm ,Programi i studimit 101 : Administrim Biznesi në Turizëm ,Programi i studimit 110 : Turizëm,UNIVERSITETI I KORÇËS “Fan S. Noli”
116,Programi i studimit 111 : Turizëm (Pogradec),,,,,Programi i studimit 111 : Turizëm (Pogradec),UNIVERSITETI I KORÇËS “Fan S. Noli”
117,Programi i studimit 112 : Agroushqim,Programi i studimit 102 : Agroushqim,Programi i studimit 105 : Agroushqim,Programi i studimit 102 :  Agroushqim ,Programi i studimit 102 :  Agroushqim ,Programi i studimit 112 : Agroushqim,UNIVERSITETI I KORÇËS “Fan S. Noli”
118,Programi i studimit 113 : Agrobiznes,Programi i studimit 103 : Agrobiznes,Programi i studimit 106 : Agrobiznes,Programi i studimit 103 :  Agrobiznes ,Programi i studimit 103 :  Agrobiznes ,Programi i studimit 113 : Agrobiznes,UNIVERSITETI I KORÇËS “Fan S. Noli”
119,Programi i studimit 114 : Teknologji e Prodhimit Bimor,,Programi i studimit 107 : Inxhinieri Agronomike,,,Programi i studimit 107 : Inxhinieri Agronomike,UNIVERSITETI I KORÇËS “Fan S. Noli”
120,Programi i studimit 115 : Hortikulturë,,Programi i studimit 108 : Mjekësi e Bimëve dhe Hortikulturë,,,Programi i studimit 108 : Mjekësi e Bimëve dhe Hortikulturë,UNIVERSITETI I KORÇËS “Fan S. Noli”
121,Programi i studimit 116 : Gjuhë - Letërsi,Programi i studimit 104 : Gjuhë - Letërsi,Programi i studimit 109 : Gjuhë - Letërsi,Programi i studimit 104 :  Gjuhë shqipe dhe Letërsi ,Programi i studimit 104 :  Gjuhë shqipe dhe Letërsi ,Programi i studimit 116 : Gjuhë - Letërsi,UNIVERSITETI I ELBASANIT “Aleksandër Xhuvani”
122,Programi i studimit 117 : Gjuhë -Letërsi Shqipe dhe Frënge,,Programi i studimit 110 : Gjuhë -Letërsi Shqipe dhe Frënge,,,Programi i studimit 117 : Gjuhë -Letërsi Shqipe dhe Frënge,UNIVERSITETI I ELBASANIT “Aleksandër Xhuvani”
123,Programi i studimit 118 : Histori - Gjeografi,Programi i studimit 105 : Histori - Gjeografi,Programi i studimit 111 : Histori - Gjeografi,Programi i studimit 105 :  Histori - Gjeografi ,Programi i studimit 105 :  Histori - Gjeografi ,Programi i studimit 118 : Histori - Gjeografi,UNIVERSITETI I ELBASANIT “Aleksandër Xhuvani”
124,Programi i studimit 119 : Histori dhe Gjuhë Gjermane,,Programi i studimit 112 : Histori dhe Gjuhë Gjermane,,,Programi i studimit 119 : Histori dhe Gjuhë Gjermane,UNIVERSITETI I ELBASANIT “Aleksandër Xhuvani”
125,Programi i studimit 120 : Gjeografi dhe Gjuhë Italiane,Programi i studimit 106 : Gjeografi dhe Gjuhë Italiane,Programi i studimit 113 : Gjeografi dhe Gjuhë Italiane,Programi i studimit 106 :  Gjeografi dhe Gjuhë Italiane ,Programi i studimit 106 :  Gjeografi dhe Gjuhë Italiane ,Programi i studimit 120 : Gjeografi dhe Gjuhë Italiane,UNIVERSITETI I ELBASANIT “Aleksandër Xhuvani”
126,Programi i studimit 121 : Gjuhë Angleze,Programi i studimit 107 : Gjuhë Angleze,Programi i studimit 114 : Gjuhë Angleze,Programi i studimit 107 :  Gjuhë Angleze ,Programi i studimit 107 :  Gjuhë Angleze ,Programi i studimit 121 : Gjuhë Angleze,UNIVERSITETI I ELBASANIT “Aleksandër Xhuvani”
127,Programi i studimit 122 : Gjuhë Gjermane,,Programi i studimit 115 : Gjuhë Gjermane,,,Programi i studimit 122 : Gjuhë Gjermane,UNIVERSITETI I ELBASANIT “Aleksandër Xhuvani”
128,Programi i studimit 123 : Gjuhë Frënge,Programi i studimit 108 : Gjuhë Frënge,Programi i studimit 116 : Gjuhë Frënge,Programi i studimit 108 :  Gjuhë Frënge ,Programi i studimit 108 :  Gjuhë Frënge ,Programi i studimit 123 : Gjuhë Frënge,UNIVERSITETI I ELBASANIT “Aleksandër Xhuvani”
129,Programi i studimit 124 : Gjuhë Italiane,Programi i studimit 109 : Gjuhë Italiane,Programi i studimit 117 : Gjuhë Italiane,Programi i studimit 109 :  Gjuhë Italiane ,Programi i studimit 109 :  Gjuhë Italiane ,Programi i studimit 124 : Gjuhë Italiane,UNIVERSITETI I ELBASANIT “Aleksandër Xhuvani”
130,Programi i studimit 125 : Gazetari,Programi i studimit 110 : Gazetari,Programi i studimit 118 : Gazetari,Programi i studimit 110 :  Gazetari ,Programi i studimit 110 :  Gazetari ,Programi i studimit 125 : Gazetari,UNIVERSITETI I ELBASANIT “Aleksandër Xhuvani”
131,Programi i studimit 126 : Gazetari - Anglisht,Programi i studimit 111 : Gazetari - Anglisht,Programi i studimit 119 : Gazetari - Anglisht,Programi i studimit 111 :  Gazetari dhe Gjuhë Angleze ,Programi i studimit 111 :  Gazetari dhe Gjuhë Angleze ,Programi i studimit 126 : Gazetari - Anglisht,UNIVERSITETI I ELBASANIT “Aleksandër Xhuvani”
132,,,Programi i studimit 120 : Gjuhë Shqipe dhe Rome,,,Programi i studimit 120 : Gjuhë Shqipe dhe Rome,UNIVERSITETI I ELBASANIT “Aleksandër Xhuvani”
133,Programi i studimit 127 : Biologji - Kimi,Programi i studimit 112 : Biologji - Kimi,Programi i studimit 121 : Biologji - Kimi,Programi i studimit 112 :  Biologji - Kimi ,Programi i studimit 112 :  Biologji - Kimi ,Programi i studimit 127 : Biologji - Kimi,UNIVERSITETI I ELBASANIT “Aleksandër Xhuvani”
134,Programi i studimit 128 : Matematikë - Fizikë,Programi i studimit 113 : Matematikë - Fizikë,Programi i studimit 122 : Matematikë - Fizikë,Programi i studimit 113 :  Matematikë - Fizikë ,Programi i studimit 113 :  Matematikë - Fizikë ,Programi i studimit 128 : Matematikë - Fizikë,UNIVERSITETI I ELBASANIT “Aleksandër Xhuvani”
135,Programi i studimit 129 : Teknologjitë e Informacionit,Programi i studimit 114 : Teknologjitë e Informacionit,Programi i studimit 123 : Teknologjitë e Informacionit,Programi i studimit 114 :  Teknologjitë e Informacionit ,Programi i studimit 114 :  Teknologjitë e Informacionit ,Programi i studimit 129 : Teknologjitë e Informacionit,UNIVERSITETI I ELBASANIT “Aleksandër Xhuvani”
136,Programi i studimit 130 : Teknolog Laborant  (2 vjeçar),Programi i studimit 115 : Teknologji Laboratori  (2 vjeçar),Programi i studimit 124 : Teknologji Laboratori  (2 vjeçar),Programi i studimit 115 :  Teknologji Laboratori(2 vjeçar) ,Programi i studimit 115 : Teknologji Laboratori(2 vjeçar),Programi i studimit 130 : Teknolog Laborant  (2 vjeçar),UNIVERSITETI I ELBASANIT “Aleksandër Xhuvani”
137,Programi i studimit 131 : Fizikë Kompjuterike,Programi i studimit 116 : Fizikë Kompjuterike,Programi i studimit 125 : Fizikë Kompjuterike,Programi i studimit 116 :  Fizikë Kompjuterike ,Programi i studimit 116 :  Fizikë Kompjuterike ,Programi i studimit 131 : Fizikë Kompjuterike,UNIVERSITETI I ELBASANIT “Aleksandër Xhuvani”
138,,Programi i studimit 117 : Matematikë Informatike,Programi i studimit 126 : Matematikë Informatike,Programi i studimit 117 :  Matematikë Informatike ,Programi i studimit 117 :  Matematikë Informatike ,Programi i studimit 126 : Matematikë Informatike,UNIVERSITETI I ELBASANIT “Aleksandër Xhuvani”
139,Programi i studimit 132 : Infermieri e Përgjithshme,Programi i studimit 118 : Infermieri e Përgjithshme,Programi i studimit 127 : Infermieri e Përgjithshme,Programi i studimit 118 :  Infermieri e Përgjithshme ,Programi i studimit 118 :  Infermieri e Përgjithshme ,Programi i studimit 132 : Infermieri e Përgjithshme,UNIVERSITETI I ELBASANIT “Aleksandër Xhuvani”
140,Programi i studimit 133 : Infermieri - Mami,Programi i studimit 119 : Infermieri - Mami,Programi i studimit 128 : Infermieri - Mami,Programi i studimit 119 :  Infermieri - Mami ,Programi i studimit 119 :  Infermieri - Mami ,Programi i studimit 133 : Infermieri - Mami,UNIVERSITETI I ELBASANIT “Aleksandër Xhuvani”
141,Programi i studimit 134 : Fizioterapi,Programi i studimit 120 : Fizioterapi,Programi i studimit 129 : Fizioterapi,Programi i studimit 120 :  Fizioterapi ,Programi i studimit 120 :  Fizioterapi ,Programi i studimit 134 : Fizioterapi,UNIVERSITETI I ELBASANIT “Aleksandër Xhuvani”
142,,Programi i studimit 121 : Logopedi,Programi i studimit 130 : Logopedi,Programi i studimit 121 :  Logopedi ,Programi i studimit 121 :  Logopedi ,Programi i studimit 130 : Logopedi,UNIVERSITETI I ELBASANIT “Aleksandër Xhuvani”
143,,Programi i studimit 122 : Imazheri,Programi i studimit 131 : Imazheri,Programi i studimit 122 :  Imazheri ,Programi i studimit 122 :  Imazheri ,Programi i studimit 131 : Imazheri,UNIVERSITETI I ELBASANIT “Aleksandër Xhuvani”
144,,Programi i studimit 123 : Teknologji  Laboratori,Programi i studimit 132 : Teknologji  Laboratori,Programi i studimit 123 :  Teknik Laboratori  ,Programi i studimit 123 :  Teknik Laboratori  ,Programi i studimit 132 : Teknologji  Laboratori,UNIVERSITETI I ELBASANIT “Aleksandër Xhuvani”
145,Programi i studimit 135 : Arsimi Fillor,Programi i studimit 124 : Mësuesi për Arsimin Fillor,Programi i studimit 133 : Mësuesi për Arsimin Fillor,Programi i studimit 124 :  Mësuesi për Arsimin Fillor klasa I-VI ,Programi i studimit 124 :  Mësuesi për Arsimin Fillor klasa I-VI ,Programi i studimit 135 : Arsimi Fillor,UNIVERSITETI I ELBASANIT “Aleksandër Xhuvani”
146,Programi i studimit 136 : Arsimi Parashkollor,Programi i studimit 125 : Mësuesi për Arsimin Parashkollor,Programi i studimit 134 : Mësuesi për Arsimin Parashkollor,Programi i studimit 125 :  Mësuesi për Arsimin Parashkollor ,Programi i studimit 125 :  Mësuesi për Arsimin Parashkollor ,Programi i studimit 136 : Arsimi Parashkollor,UNIVERSITETI I ELBASANIT “Aleksandër Xhuvani”
147,Programi i studimit 137 : Edukim Qytetar,Programi i studimit 126 : Edukim Qytetar,Programi i studimit 135 : Edukim Qytetar,Programi i studimit 126 :  Edukim Qytetar ,Programi i studimit 126 :  Edukim Qytetar ,Programi i studimit 137 : Edukim Qytetar,UNIVERSITETI I ELBASANIT “Aleksandër Xhuvani”
148,Programi i studimit 138 : Punonjës Social,Programi i studimit 127 : Punonjës Social,Programi i studimit 136 : Punonjës Social,Programi i studimit 127 :  Punonjës Social ,Programi i studimit 127 :  Punonjës Social ,Programi i studimit 138 : Punonjës Social,UNIVERSITETI I ELBASANIT “Aleksandër Xhuvani”
149,Programi i studimit 139 : Filozofi - Sociologji,Programi i studimit 128 : Filozofi - Sociologji,Programi i studimit 137 : Filozofi - Sociologji,Programi i studimit 128 :  Filozofi - Sociologji ,Programi i studimit 128 :  Filozofi - Sociologji ,Programi i studimit 139 : Filozofi - Sociologji,UNIVERSITETI I ELBASANIT “Aleksandër Xhuvani”
150,Programi i studimit 140 : Psikologji,Programi i studimit 129 : Psikologji,Programi i studimit 138 : Psikologji,Programi i studimit 129 :  Psikologji ,Programi i studimit 129 :  Psikologji ,Programi i studimit 140 : Psikologji,UNIVERSITETI I ELBASANIT “Aleksandër Xhuvani”
151,Programi i studimit 141 : Edukim Fizik dhe Sporte,Programi i studimit 130 : Edukim Fizik dhe Sporte,Programi i studimit 139 : Edukim Fizik dhe Sporte,Programi i studimit 130 :  Edukim Fizik dhe Sporte ,Programi i studimit 130 :  Edukim Fizik dhe Sporte ,Programi i studimit 141 : Edukim Fizik dhe Sporte,UNIVERSITETI I ELBASANIT “Aleksandër Xhuvani”
152,Programi i studimit 142 : Administrim - Biznes,Programi i studimit 131 : Administrim - Biznes,Programi i studimit 140 : Administrim - Biznes,Programi i studimit 131 :  Administrim - Biznes ,Programi i studimit 131 :  Administrim - Biznes ,Programi i studimit 142 : Administrim - Biznes,UNIVERSITETI I ELBASANIT “Aleksandër Xhuvani”
153,Programi i studimit 143 : Financë - Kontabilitet,Programi i studimit 132 : Financë - Kontabilitet,Programi i studimit 141 : Financë - Kontabilitet,Programi i studimit 132 :  Financë - Kontabilitet ,Programi i studimit 132 :  Financë - Kontabilitet ,Programi i studimit 143 : Financë - Kontabilitet,UNIVERSITETI I ELBASANIT “Aleksandër Xhuvani”
154,Programi i studimit 144 : Ekonomia dhe e Drejta,Programi i studimit 133 : Ekonomia dhe e Drejta,Programi i studimit 142 : Ekonomia dhe e Drejta,Programi i studimit 133 :  Ekonomia dhe e Drejta ,Programi i studimit 133 :  Ekonomia dhe e Drejta ,Programi i studimit 144 : Ekonomia dhe e Drejta,UNIVERSITETI I ELBASANIT “Aleksandër Xhuvani”
155,Programi i studimit 145 : Informatikë Ekonomike,Programi i studimit 134 : Informatikë Ekonomike,Programi i studimit 143 : Informatikë Ekonomike,Programi i studimit 134 :  Informatikë Ekonomike ,Programi i studimit 134 :  Informatikë Ekonomike ,Programi i studimit 145 : Informatikë Ekonomike,UNIVERSITETI I ELBASANIT “Aleksandër Xhuvani”
156,Programi i studimit 146 : Ekonomi Turizmi,Programi i studimit 135 : Ekonomi Turizmi,Programi i studimit 144 : Ekonomi Turizmi,Programi i studimit 135 :  Ekonomi Turizmi ,Programi i studimit 135 :  Ekonomi Turizmi ,Programi i studimit 146 : Ekonomi Turizmi,UNIVERSITETI I ELBASANIT “Aleksandër Xhuvani”
157,Programi i studimit 147 : Administrim Biznesi dhe Inxhinieri,Programi i studimit 136 : Administrim Biznesi dhe Inxhinieri,Programi i studimit 145 : Administrim Biznesi dhe Inxhinieri,Programi i studimit 136 :  Administrim Biznesi dhe Inxhinieri ,Programi i studimit 136 :  Administrim Biznesi dhe Inxhinieri ,Programi i studimit 147 : Administrim Biznesi dhe Inxhinieri,UNIVERSITETI I ELBASANIT “Aleksandër Xhuvani”
158,,Programi i studimit 137 : Shkenca Juridike në Biznes,Programi i studimit 146 : Shkenca Juridike në Biznes,Programi i studimit 137 :  Shkenca Juridike në Biznes ,Programi i studimit 137 :  Shkenca Juridike në Biznes ,Programi i studimit 146 : Shkenca Juridike në Biznes,UNIVERSITETI I ELBASANIT “Aleksandër Xhuvani”
159,,Programi i studimit 138 : Shkenca Juridike në Sektorin Publik,Programi i studimit 147 : Shkenca Juridike në Sektorin Publik,Programi i studimit 138 :  Shkenca Juridike në Sektorin Publik ,Programi i studimit 138 :  Shkenca Juridike në Sektorin Publik ,Programi i studimit 147 : Shkenca Juridike në Sektorin Publik,UNIVERSITETI I ELBASANIT “Aleksandër Xhuvani”
160,Programi i studimit 148 : Biologji - Kimi,Programi i studimit 139 : Biologji - Kimi,Programi i studimit 148 : Biologji - Kimi,Programi i studimit 139 :  Biologji - Kimi ,Programi i studimit 139 :  Biologji - Kimi ,Programi i studimit 148 : Biologji - Kimi,UNIVERSITETI I GJIROKASTRËS “Eqrem Çabej”
161,Programi i studimit 149 : Fizikë dhe Teknologji Informacioni,Programi i studimit 140 : Matematikë-Informatikë,Programi i studimit 149 : Fizikë dhe Teknologji Informacioni,Programi i studimit 140 :  Matematikë-Informatikë ,Programi i studimit 140 :  Matematikë-Informatikë ,Programi i studimit 149 : Fizikë dhe Teknologji Informacioni,UNIVERSITETI I GJIROKASTRËS “Eqrem Çabej”
162,Programi i studimit 150 : Matematikë - Fizikë,,Programi i studimit 150 : Matematikë - Fizikë,,,Programi i studimit 150 : Matematikë - Fizikë,UNIVERSITETI I GJIROKASTRËS “Eqrem Çabej”
163,Programi i studimit 151 : Matematikë-Informatikë,,Programi i studimit 151 : Matematikë-Informatikë,,,Programi i studimit 151 : Matematikë-Informatikë,UNIVERSITETI I GJIROKASTRËS “Eqrem Çabej”
164,Programi i studimit 152 : Teknologji Informacioni,Programi i studimit 141 : Teknologji Informacioni,Programi i studimit 152 : Teknologji Informacioni,Programi i studimit 141 :  Teknologji Informacioni ,Programi i studimit 141 :  Teknologji Informacioni ,Programi i studimit 152 : Teknologji Informacioni,UNIVERSITETI I GJIROKASTRËS “Eqrem Çabej”
165,Programi i studimit 153 : Infermieri,Programi i studimit 142 : Infermieri e përgjithshme,Programi i studimit 153 : Infermieri e përgjithshme,Programi i studimit 142 :  Infermieri e përgjithshme ,Programi i studimit 142 :  Infermieri e përgjithshme ,Programi i studimit 153 : Infermieri,UNIVERSITETI I GJIROKASTRËS “Eqrem Çabej”
166,Programi i studimit 154 : Infermieri Mami,Programi i studimit 143 : Infermieri Mami,Programi i studimit 154 : Infermieri Mami,Programi i studimit 143 :  Infermieri Mami ,Programi i studimit 143 :  Infermieri Mami ,Programi i studimit 154 : Infermieri Mami,UNIVERSITETI I GJIROKASTRËS “Eqrem Çabej”
167,Programi i studimit 155 : Histori - Gjeografi,Programi i studimit 144 : Histori - Gjeografi,Programi i studimit 155 : Histori - Gjeografi,Programi i studimit 144 :  Histori - Gjeografi ,Programi i studimit 144 :  Histori - Gjeografi ,Programi i studimit 155 : Histori - Gjeografi,UNIVERSITETI I GJIROKASTRËS “Eqrem Çabej”
168,Programi i studimit 156 : Gjuhë - Letërsi Shqipe,Programi i studimit 145 : Gjuhë - Letërsi Shqipe,Programi i studimit 156 : Gjuhë - Letërsi Shqipe,Programi i studimit 145 :  Gjuhë - Letërsi Shqipe ,Programi i studimit 145 :  Gjuhë - Letërsi Shqipe ,Programi i studimit 156 : Gjuhë - Letërsi Shqipe,UNIVERSITETI I GJIROKASTRËS “Eqrem Çabej”
169,Programi i studimit 157 : Gjuhë Letërsi Angleze,Programi i studimit 146 : Gjuhë Letërsi Angleze,Programi i studimit 157 : Gjuhë Letërsi Angleze,Programi i studimit 146 :  Gjuhë Angleze ,Programi i studimit 146 :  Gjuhë Angleze ,Programi i studimit 157 : Gjuhë Letërsi Angleze,UNIVERSITETI I GJIROKASTRËS “Eqrem Çabej”
170,Programi i studimit 158 : Gjuhë Letërsi Italiane,,Programi i studimit 158 : Gjuhë Letërsi Italiane,,,Programi i studimit 158 : Gjuhë Letërsi Italiane,UNIVERSITETI I GJIROKASTRËS “Eqrem Çabej”
171,Programi i studimit 159 : Gjuhë Letërsi dhe Qytetërim Grek,Programi i studimit 147 : Gjuhë Letërsi dhe Qytetërim Grek,Programi i studimit 159 : Gjuhë Letërsi dhe Qytetërim Grek,Programi i studimit 147 :  Gjuhë Letërsi dhe Qytetërim Grek ,Programi i studimit 147 :  Gjuhë Letërsi dhe Qytetërim Grek ,Programi i studimit 159 : Gjuhë Letërsi dhe Qytetërim Grek,UNIVERSITETI I GJIROKASTRËS “Eqrem Çabej”
172,Programi i studimit 160 : Histori dhe Gjuhë  Italiane,,Programi i studimit 160 : Histori dhe Gjuhë Italiane,,,Programi i studimit 160 : Histori dhe Gjuhë  Italiane,UNIVERSITETI I GJIROKASTRËS “Eqrem Çabej”
173,Programi i studimit 161 : Mësuesi për Arsimin Fillor,Programi i studimit 148 : Mësuesi për Arsimin Fillor,Programi i studimit 161 : Mësuesi për Arsimin Fillor,Programi i studimit 148 :  Mësuesi për Arsimin Fillor Kl. I-VI ,Programi i studimit 148 :  Mësuesi për Arsimin Fillor Kl. I-VI ,Programi i studimit 161 : Mësuesi për Arsimin Fillor,UNIVERSITETI I GJIROKASTRËS “Eqrem Çabej”
174,Programi i studimit 162 : Mësuesi për Arsimin Parashkollor,Programi i studimit 149 : Mësuesi për Arsimin Parashkollor,Programi i studimit 162 : Mësuesi për Arsimin Parashkollor,Programi i studimit 149 :  Mësuesi për Arsimin Parashkollor ,Programi i studimit 149 :  Mësuesi për Arsimin Parashkollor ,Programi i studimit 162 : Mësuesi për Arsimin Parashkollor,UNIVERSITETI I GJIROKASTRËS “Eqrem Çabej”
175,Programi i studimit 163 : Kontabilitet - Financë,Programi i studimit 150 : Kontabilitet - Financë,Programi i studimit 163 : Kontabilitet - Financë,Programi i studimit 150 :  Kontabilitet - Financë ,Programi i studimit 150 :  Kontabilitet - Financë ,Programi i studimit 163 : Kontabilitet - Financë,UNIVERSITETI I GJIROKASTRËS “Eqrem Çabej”
176,Programi i studimit 164 : Administrim - Publik,Programi i studimit 151 : Administrim - Publik,Programi i studimit 164 : Administrim - Publik,Programi i studimit 151 :  Administrim - Publik ,Programi i studimit 151 :  Administrim - Publik ,Programi i studimit 164 : Administrim - Publik,UNIVERSITETI I GJIROKASTRËS “Eqrem Çabej”
177,Programi i studimit 165 : Turizëm,,Programi i studimit 165 : Ekonomi Turizmi,,,Programi i studimit 165 : Turizëm,UNIVERSITETI I GJIROKASTRËS “Eqrem Çabej”
178,Programi i studimit 166 : Gjuhë – Letërsi,Programi i studimit 152 : Gjuhë – Letërsi,Programi i studimit 166 : Gjuhë – Letërsi,Programi i studimit 152 :  Gjuhë – Letërsi ,Programi i studimit 152 :  Gjuhë – Letërsi ,Programi i studimit 166 : Gjuhë – Letërsi,UNIVERSITETI I SHKODRËS “Luigj Gurakuqi”
179,Programi i studimit 167 : Gazetari dhe Komunikim,Programi i studimit 153 : Gazetari dhe Komunikim,Programi i studimit 167 : Gazetari dhe Komunikim,Programi i studimit 153 :  Gazetari dhe Komunikim ,Programi i studimit 153 :  Gazetari dhe Komunikim ,Programi i studimit 167 : Gazetari dhe Komunikim,UNIVERSITETI I SHKODRËS “Luigj Gurakuqi”
180,Programi i studimit 168 : Histori,Programi i studimit 154 : Histori,Programi i studimit 168 : Histori,Programi i studimit 154 :  Histori ,Programi i studimit 154 :  Histori ,Programi i studimit 168 : Histori,UNIVERSITETI I SHKODRËS “Luigj Gurakuqi”
181,Programi i studimit 169 : Gjeografi,Programi i studimit 155 : Gjeografi,Programi i studimit 169 : Gjeografi,Programi i studimit 155 :  Gjeografi ,Programi i studimit 155 :  Gjeografi ,Programi i studimit 169 : Gjeografi,UNIVERSITETI I SHKODRËS “Luigj Gurakuqi”
182,Programi i studimit 170 : Matematikë,Programi i studimit 156 : Matematikë,Programi i studimit 170 : Matematikë,Programi i studimit 156 :  Matematikë ,Programi i studimit 156 :  Matematikë ,Programi i studimit 170 : Matematikë,UNIVERSITETI I SHKODRËS “Luigj Gurakuqi”
183,Programi i studimit 171 : Fizikë,Programi i studimit 157 : Fizikë,Programi i studimit 171 : Fizikë,Programi i studimit 157 :  Fizikë ,Programi i studimit 157 :  Fizikë ,Programi i studimit 171 : Fizikë,UNIVERSITETI I SHKODRËS “Luigj Gurakuqi”
184,Programi i studimit 172 : Informatikë,Programi i studimit 158 : Informatikë,Programi i studimit 172 : Informatikë,Programi i studimit 158 :  Informatikë ,Programi i studimit 158 :  Informatikë ,Programi i studimit 172 : Informatikë,UNIVERSITETI I SHKODRËS “Luigj Gurakuqi”
185,Programi i studimit 173 : Biologji - Kimi,Programi i studimit 159 : Biologji - Kimi,Programi i studimit 173 : Biologji - Kimi,Programi i studimit 159 :  Biologji - Kimi ,Programi i studimit 159 :  Biologji - Kimi ,Programi i studimit 173 : Biologji - Kimi,UNIVERSITETI I SHKODRËS “Luigj Gurakuqi”
186,Programi i studimit 174 : Infermieri e Përgjithshme,Programi i studimit 160 : Infermieri e Përgjithshme,Programi i studimit 174 : Infermieri e Përgjithshme,Programi i studimit 160 :  Infermieri e Përgjithshme ,Programi i studimit 160 :  Infermieri e Përgjithshme ,Programi i studimit 174 : Infermieri e Përgjithshme,UNIVERSITETI I SHKODRËS “Luigj Gurakuqi”
187,Programi i studimit 175 : Infermieri (Mami),Programi i studimit 161 : Infermieri (Mami),Programi i studimit 175 : Infermieri (Mami),Programi i studimit 161 :  Infermieri (Mami) ,Programi i studimit 161 :  Infermieri (Mami) ,Programi i studimit 175 : Infermieri (Mami),UNIVERSITETI I SHKODRËS “Luigj Gurakuqi”
188,Programi i studimit 176 : Infermieri (Fizioterapi),Programi i studimit 162 : Infermieri (Fizioterapi),Programi i studimit 176 : Infermieri (Fizioterapi),Programi i studimit 162 :  Infermieri (Fizioterapi) ,Programi i studimit 162 :  Infermieri (Fizioterapi) ,Programi i studimit 176 : Infermieri (Fizioterapi),UNIVERSITETI I SHKODRËS “Luigj Gurakuqi”
189,Programi i studimit 177 : Cikël i Ulët,Programi i studimit 163 : Mësuesi për Arsimin Fillor,Programi i studimit 177 : Mësuesi për Arsimin Fillor,Programi i studimit 163 :  Mësuesi për Arsimin Fillor ,Programi i studimit 163 :  Mësuesi për Arsimin Fillor ,Programi i studimit 177 : Cikël i Ulët,UNIVERSITETI I SHKODRËS “Luigj Gurakuqi”
190,Programi i studimit 178 : Cikël i Ulët  Parashkollor,Programi i studimit 164 : Mësuesi për Arsimin Parashkollor,Programi i studimit 178 : Mësuesi për Arsimin Parashkollor,Programi i studimit 164 :  Mësuesi për Arsimin Parashkollor ,Programi i studimit 164 :  Mësuesi për Arsimin Parashkollor ,Programi i studimit 178 : Cikël i Ulët  Parashkollor,UNIVERSITETI I SHKODRËS “Luigj Gurakuqi”
191,Programi i studimit 179 : Psikologji,Programi i studimit 165 : Psikologji,Programi i studimit 179 : Psikologji,Programi i studimit 165 :  Psikologji ,Programi i studimit 165 :  Psikologji ,Programi i studimit 179 : Psikologji,UNIVERSITETI I SHKODRËS “Luigj Gurakuqi”
192,Programi i studimit 180 : Punë Sociale,Programi i studimit 166 : Punë Sociale,Programi i studimit 180 : Punë Sociale,Programi i studimit 166 :  Punë Sociale ,Programi i studimit 166 :  Punë Sociale ,Programi i studimit 180 : Punë Sociale,UNIVERSITETI I SHKODRËS “Luigj Gurakuqi”
193,Programi i studimit 181 : Edukim Fizik dhe Sporte,Programi i studimit 167 : Edukim Fizik dhe Sporte,Programi i studimit 181 : Edukim Fizik dhe Sporte,Programi i studimit 167 :  Edukim Fizik dhe Sporte ,Programi i studimit 167 :  Edukim Fizik dhe Sporte ,Programi i studimit 181 : Edukim Fizik dhe Sporte,UNIVERSITETI I SHKODRËS “Luigj Gurakuqi”
194,Programi i studimit 182 : Financë - Kontabilitet,Programi i studimit 168 : Financë - Kontabilitet,Programi i studimit 182 : Financë - Kontabilitet,Programi i studimit 168 :  Financë - Kontabilitet ,Programi i studimit 168 :  Financë - Kontabilitet ,Programi i studimit 182 : Financë - Kontabilitet,UNIVERSITETI I SHKODRËS “Luigj Gurakuqi”
195,Programi i studimit 183 : Administrim - Biznes,Programi i studimit 169 : Administrim - Biznes,Programi i studimit 183 : Administrim - Biznes,Programi i studimit 169 :  Administrim - Biznes ,Programi i studimit 169 :  Administrim - Biznes ,Programi i studimit 183 : Administrim - Biznes,UNIVERSITETI I SHKODRËS “Luigj Gurakuqi”
196,Programi i studimit 184 : Turizëm,Programi i studimit 170 : Turizëm,Programi i studimit 184 : Turizëm,Programi i studimit 170 :  Turizëm ,Programi i studimit 170 :  Turizëm ,Programi i studimit 184 : Turizëm,UNIVERSITETI I SHKODRËS “Luigj Gurakuqi”
197,Programi i studimit 185 : Gjuhë Angleze,Programi i studimit 171 : Gjuhë Angleze,Programi i studimit 185 : Gjuhë Angleze,Programi i studimit 171 :  Gjuhë Angleze ,Programi i studimit 171 :  Gjuhë Angleze ,Programi i studimit 185 : Gjuhë Angleze,UNIVERSITETI I SHKODRËS “Luigj Gurakuqi”
198,Programi i studimit 186 : Gjuhë Italiane,Programi i studimit 172 : Gjuhë Italiane,Programi i studimit 186 : Gjuhë Italiane,Programi i studimit 172 :  Gjuhë Italiane ,Programi i studimit 172 :  Gjuhë Italiane ,Programi i studimit 186 : Gjuhë Italiane,UNIVERSITETI I SHKODRËS “Luigj Gurakuqi”
199,Programi i studimit 187 : Gjuhë Gjermane,Programi i studimit 173 : Gjuhë Gjermane,Programi i studimit 187 : Gjuhë Gjermane,Programi i studimit 173 :  Gjuhë Gjermane ,Programi i studimit 173 :  Gjuhë Gjermane ,Programi i studimit 187 : Gjuhë Gjermane,UNIVERSITETI I SHKODRËS “Luigj Gurakuqi”
200,Programi i studimit 188 : Gjuhë Frënge,Programi i studimit 174 : Gjuhë Frënge,Programi i studimit 188 : Gjuhë Frënge,Programi i studimit 174 :  Gjuhë Frënge ,Programi i studimit 174 :  Gjuhë Frënge ,Programi i studimit 188 : Gjuhë Frënge,UNIVERSITETI I SHKODRËS “Luigj Gurakuqi”
201,Programi i studimit 189 : Drejtësi,Programi i studimit 175 : Drejtësi,Programi i studimit 189 : Drejtësi,Programi i studimit 175 :  Drejtësi ,Programi i studimit 175 :  Drejtësi ,Programi i studimit 189 : Drejtësi,UNIVERSITETI I SHKODRËS “Luigj Gurakuqi”
202,,,Programi i studimit 190 : Pikturë e grafikë,,,Programi i studimit 190 : Pikturë e grafikë,UNIVERSITETI I SHKODRËS “Luigj Gurakuqi”
203,,,Programi i studimit 191 : Pedagogji muzikore,,,Programi i studimit 191 : Pedagogji muzikore,UNIVERSITETI I SHKODRËS “Luigj Gurakuqi”
204,Programi i studimit 190 : Matematikë,Programi i studimit 176 : Matematikë,Programi i studimit 192 : Matematikë,Programi i studimit 176 :  Matematikë ,Programi i studimit 176 :  Matematikë ,Programi i studimit 190 : Matematikë,UNIVERSITETI I VLORËS “Ismail Qemali”
205,Programi i studimit 191 : Shkenca Aktuaristike,,,,,Programi i studimit 191 : Shkenca Aktuaristike,UNIVERSITETI I VLORËS “Ismail Qemali”
206,Programi i studimit 192 : Matematikë Financë,,,,,Programi i studimit 192 : Matematikë Financë,UNIVERSITETI I VLORËS “Ismail Qemali”
207,Programi i studimit 193 : Matematikë Fizikë,,,,,Programi i studimit 193 : Matematikë Fizikë,UNIVERSITETI I VLORËS “Ismail Qemali”
208,Programi i studimit 194 : Fizikë,,Programi i studimit 193 : Fizikë,,,Programi i studimit 194 : Fizikë,UNIVERSITETI I VLORËS “Ismail Qemali”
209,Programi i studimit 195 : Shkenca Kompjuterike,Programi i studimit 177 : Shkenca Kompjuterike,Programi i studimit 194 : Shkenca Kompjuterike,Programi i studimit 177 :  Shkenca Kompjuterike ,Programi i studimit 177 :  Shkenca Kompjuterike ,Programi i studimit 195 : Shkenca Kompjuterike,UNIVERSITETI I VLORËS “Ismail Qemali”
210,Programi i studimit 196 : Shkenca Kompjutacionale,,,,,Programi i studimit 196 : Shkenca Kompjutacionale,UNIVERSITETI I VLORËS “Ismail Qemali”
211,Programi i studimit 197 : Teknologji Informacioni,Programi i studimit 178 : Teknologji Informacioni,Programi i studimit 195 : Teknologji Informacioni,Programi i studimit 178 :  Teknologji Informacioni ,Programi i studimit 178 :  Teknologji Informacioni ,Programi i studimit 197 : Teknologji Informacioni,UNIVERSITETI I VLORËS “Ismail Qemali”
212,Programi i studimit 198 : Informatikë,Programi i studimit 179 : Informatikë,Programi i studimit 196 : Informatikë,Programi i studimit 179 :  Informatikë ,Programi i studimit 179 :  Informatikë ,Programi i studimit 198 : Informatikë,UNIVERSITETI I VLORËS “Ismail Qemali”
213,Programi i studimit 199 : Inxhinieri Navale,Programi i studimit 180 : Inxhinieri Navale,Programi i studimit 197 : Inxhinieri Navale,Programi i studimit 180 :  Inxhinieri Navale ,Programi i studimit 180 :  Inxhinieri Navale ,Programi i studimit 199 : Inxhinieri Navale,UNIVERSITETI I VLORËS “Ismail Qemali”
214,Programi i studimit 200 : Inxhinieri Mekanike,Programi i studimit 181 : Inxhinieri Mekanike,Programi i studimit 198 : Inxhinieri Mekanike,Programi i studimit 181 :  Inxhinieri Mekanike ,Programi i studimit 181 :  Inxhinieri Mekanike ,Programi i studimit 200 : Inxhinieri Mekanike,UNIVERSITETI I VLORËS “Ismail Qemali”
215,Programi i studimit 201 : Navigacion,,Programi i studimit 199 : Navigacion,,,Programi i studimit 201 : Navigacion,UNIVERSITETI I VLORËS “Ismail Qemali”
216,Programi i studimit 202 : Navigacion dhe Peshkim Detar,Programi i studimit 182 : Navigacion dhe Peshkim Detar,,Programi i studimit 182 :  Navigacion dhe Peshkim Detar ,Programi i studimit 182 :  Navigacion dhe Peshkim Detar ,Programi i studimit 202 : Navigacion dhe Peshkim Detar,UNIVERSITETI I VLORËS “Ismail Qemali”
217,Programi i studimit 203 : Kimi,,Programi i studimit 200 : Kimi,,,Programi i studimit 203 : Kimi,UNIVERSITETI I VLORËS “Ismail Qemali”
218,Programi i studimit 204 : Biologji,Programi i studimit 183 : Biologji,Programi i studimit 201 : Biologji,Programi i studimit 183 :  Biologji ,Programi i studimit 183 :  Biologji ,Programi i studimit 204 : Biologji,UNIVERSITETI I VLORËS “Ismail Qemali”
219,Programi i studimit 205 : Inxhinieri Elektrike,Programi i studimit 184 : Inxhinieri Elektrike,Programi i studimit 202 : Inxhinieri Elektrike,Programi i studimit 184 :  Inxhinieri Elektrike ,Programi i studimit 184 :  Inxhinieri Elektrike ,Programi i studimit 205 : Inxhinieri Elektrike,UNIVERSITETI I VLORËS “Ismail Qemali”
220,Programi i studimit 206 : Administrim Biznesi,Programi i studimit 185 : Administrim Biznesi,Programi i studimit 203 : Administrim Biznesi,Programi i studimit 185 :  Administrim Biznesi ,Programi i studimit 185 :  Administrim Biznesi ,Programi i studimit 206 : Administrim Biznesi,UNIVERSITETI I VLORËS “Ismail Qemali”
221,Programi i studimit 207 : Menaxhim Turizmi,Programi i studimit 186 : Menaxhim Turizmi,Programi i studimit 204 : Menaxhim Turizmi,Programi i studimit 186 :  Menaxhim Turizmi ,Programi i studimit 186 :  Menaxhim Turizmi ,Programi i studimit 207 : Menaxhim Turizmi,UNIVERSITETI I VLORËS “Ismail Qemali”
222,Programi i studimit 208 : Ekonomiks,Programi i studimit 187 : Ekonomiks,Programi i studimit 205 : Ekonomiks,Programi i studimit 187 :  Ekonomiks ,Programi i studimit 187 :  Ekonomiks ,Programi i studimit 208 : Ekonomiks,UNIVERSITETI I VLORËS “Ismail Qemali”
223,Programi i studimit 209 : Financë,Programi i studimit 188 : Financë,Programi i studimit 206 : Financë,Programi i studimit 188 :  Financë ,Programi i studimit 188 :  Financë ,Programi i studimit 209 : Financë,UNIVERSITETI I VLORËS “Ismail Qemali”
224,Programi i studimit 210 : Kontabilitet,Programi i studimit 189 : Kontabilitet,Programi i studimit 207 : Kontabilitet,Programi i studimit 189 :  Kontabilitet ,Programi i studimit 189 :  Kontabilitet ,Programi i studimit 210 : Kontabilitet,UNIVERSITETI I VLORËS “Ismail Qemali”
225,Programi i studimit 211 : Marketing,Programi i studimit 190 : Marketing,Programi i studimit 208 : Marketing,Programi i studimit 190 :  Marketing ,Programi i studimit 190 :  Marketing ,Programi i studimit 211 : Marketing,UNIVERSITETI I VLORËS “Ismail Qemali”
226,Programi i studimit 212 : Mësuesi për Arsimin Fillor,Programi i studimit 191 : Mësuesi për Arsimin Fillor,Programi i studimit 209 : Mësuesi për Arsimin Fillor,Programi i studimit 191 :  Mësuesi për Arsimin Fillor ,Programi i studimit 191 :  Mësuesi për Arsimin Fillor ,Programi i studimit 212 : Mësuesi për Arsimin Fillor,UNIVERSITETI I VLORËS “Ismail Qemali”
227,Programi i studimit 213 : Mësuesi për Arsimin Parashkollor,Programi i studimit 192 : Mësuesi për Arsimin Parashkollor,Programi i studimit 210 : Mësuesi për Arsimin Parashkollor,Programi i studimit 192 :  Mësuesi për Arsimin Parashkollor ,Programi i studimit 192 :  Mësuesi për Arsimin Parashkollor ,Programi i studimit 213 : Mësuesi për Arsimin Parashkollor,UNIVERSITETI I VLORËS “Ismail Qemali”
228,Programi i studimit 214 : Pedagogji e Specializuar,,Programi i studimit 211 : Pedagogji e Specializuar,,,Programi i studimit 214 : Pedagogji e Specializuar,UNIVERSITETI I VLORËS “Ismail Qemali”
229,Programi i studimit 215 : Gjuhë Shqipe dhe Letërsi,Programi i studimit 193 : Gjuhë Shqipe dhe Letërsi,Programi i studimit 212 : Gjuhë Shqipe dhe Letërsi,Programi i studimit 193 :  Gjuhë Shqipe dhe Letërsi ,Programi i studimit 193 :  Gjuhë Shqipe dhe Letërsi ,Programi i studimit 215 : Gjuhë Shqipe dhe Letërsi,UNIVERSITETI I VLORËS “Ismail Qemali”
230,Programi i studimit 216 : Gjuhë Angleze,Programi i studimit 194 : Gjuhë Angleze,Programi i studimit 213 : Gjuhë Angleze,Programi i studimit 194 :  Gjuhë Angleze ,Programi i studimit 194 :  Gjuhë Angleze ,Programi i studimit 216 : Gjuhë Angleze,UNIVERSITETI I VLORËS “Ismail Qemali”
231,Programi i studimit 217 : Gjuhë Italiane,Programi i studimit 195 : Gjuhë Italiane,Programi i studimit 214 : Gjuhë Italiane,Programi i studimit 195 :  Gjuhë Italiane ,Programi i studimit 195 :  Gjuhë Italiane ,Programi i studimit 217 : Gjuhë Italiane,UNIVERSITETI I VLORËS “Ismail Qemali”
232,Programi i studimit 218 : Histori - Gjeografi,Programi i studimit 196 : Histori - Gjeografi,Programi i studimit 215 : Histori - Gjeografi,Programi i studimit 196 :  Histori - Gjeografi  ,Programi i studimit 196 :  Histori - Gjeografi  ,Programi i studimit 218 : Histori - Gjeografi,UNIVERSITETI I VLORËS “Ismail Qemali”
233,Programi i studimit 219 : Drejtësi,Programi i studimit 197 : Drejtësi,Programi i studimit 216 : Drejtësi,Programi i studimit 197 :  Drejtësi ,Programi i studimit 197 :  Drejtësi ,Programi i studimit 219 : Drejtësi,UNIVERSITETI I VLORËS “Ismail Qemali”
234,Programi i studimit 220 : Infermieri e Përgjithshme,Programi i studimit 198 : Infermieri e Përgjithshme,Programi i studimit 217 : Infermieri e Përgjithshme,Programi i studimit 198 :  Infermieri e Përgjithshme ,Programi i studimit 198 :  Infermieri e Përgjithshme ,Programi i studimit 220 : Infermieri e Përgjithshme,UNIVERSITETI I VLORËS “Ismail Qemali”
235,Programi i studimit 221 : Infermier Mami,Programi i studimit 199 : Infermier Mami,Programi i studimit 218 : Infermier Mami,Programi i studimit 199 :  Infermier Mami ,Programi i studimit 199 :  Infermier Mami ,Programi i studimit 221 : Infermier Mami,UNIVERSITETI I VLORËS “Ismail Qemali”
236,Programi i studimit 222 : Administrim Biznesi,Programi i studimit 200 : Administrim Biznesi,Programi i studimit 219 : Administrim Biznesi,Programi i studimit 200 :  Administrim Biznesi ,Programi i studimit 200 :  Administrim Biznesi ,Programi i studimit 222 : Administrim Biznesi,UNIVERSITETI I DURRËSIT “Aleksandër Moisiu”
237,Programi i studimit 223 : Menaxhim - Marketing,Programi i studimit 201 : Menaxhim - Marketing,Programi i studimit 220 : Menaxhim - Marketing,Programi i studimit 201 :  Menaxhim - Marketing ,Programi i studimit 201 :  Menaxhim - Marketing ,Programi i studimit 223 : Menaxhim - Marketing,UNIVERSITETI I DURRËSIT “Aleksandër Moisiu”
238,Programi i studimit 224 : Shkenca Ekonomike,Programi i studimit 202 : Shkenca Ekonomike,Programi i studimit 221 : Shkenca Ekonomike,Programi i studimit 202 :  Shkenca Ekonomike ,Programi i studimit 202 :  Shkenca Ekonomike ,Programi i studimit 224 : Shkenca Ekonomike,UNIVERSITETI I DURRËSIT “Aleksandër Moisiu”
239,Programi i studimit 225 : Financë -Kontabilitet,Programi i studimit 203 : Financë -Kontabilitet,Programi i studimit 222 : Financë -Kontabilitet,Programi i studimit 203 :  Financë -Kontabilitet ,Programi i studimit 203 :  Financë -Kontabilitet ,Programi i studimit 225 : Financë -Kontabilitet,UNIVERSITETI I DURRËSIT “Aleksandër Moisiu”
240,Programi i studimit 226 : Bankë Financë,Programi i studimit 204 : Bankë Financë,Programi i studimit 223 : Bankë Financë,Programi i studimit 204 :  Bankë Financë ,Programi i studimit 204 :  Bankë Financë ,Programi i studimit 226 : Bankë Financë,UNIVERSITETI I DURRËSIT “Aleksandër Moisiu”
241,Programi i studimit 227 : Menaxhim Hotel Restorant,Programi i studimit 205 : Menaxhim Hotel Restorant,Programi i studimit 224 : Menaxhim Hotel Restorant,Programi i studimit 205 :  Menaxhim Hotel Restorant ,Programi i studimit 205 :  Menaxhim Hotel Restorant ,Programi i studimit 227 : Menaxhim Hotel Restorant,UNIVERSITETI I DURRËSIT “Aleksandër Moisiu”
242,Programi i studimit 228 : Menaxhim Turizëm Kulturor,Programi i studimit 206 : Menaxhim Turizëm Kulturor,Programi i studimit 225 : Menaxhim Turizëm Kulturor,Programi i studimit 206 :  Menaxhim Turizëm Kulturor ,Programi i studimit 206 :  Menaxhim Turizëm Kulturor ,Programi i studimit 228 : Menaxhim Turizëm Kulturor,UNIVERSITETI I DURRËSIT “Aleksandër Moisiu”
243,Programi i studimit 229 : Menaxhim Turizëm Arkeologjik,Programi i studimit 207 : Menaxhim Turizëm Arkeologjik,Programi i studimit 226 : Menaxhim Turizëm Arkeologjik,Programi i studimit 207 :  Menaxhim Turizëm Arkeologjik ,Programi i studimit 207 :  Menaxhim Turizëm Arkeologjik ,Programi i studimit 229 : Menaxhim Turizëm Arkeologjik,UNIVERSITETI I DURRËSIT “Aleksandër Moisiu”
244,Programi i studimit 230 : Juridik,Programi i studimit 208 : Drejtësi,Programi i studimit 227 : Drejtësi,Programi i studimit 208 :  Drejtësi ,Programi i studimit 208 :  Drejtësi ,Programi i studimit 230 : Juridik,UNIVERSITETI I DURRËSIT “Aleksandër Moisiu”
245,Programi i studimit 231 : Shkenca Politike,Programi i studimit 209 : Shkenca Politike,Programi i studimit 228 : Shkenca Politike,Programi i studimit 209 :  Shkenca Politike ,Programi i studimit 209 :  Shkenca Politike ,Programi i studimit 231 : Shkenca Politike,UNIVERSITETI I DURRËSIT “Aleksandër Moisiu”
246,Programi i studimit 232 : Administrim Publik,Programi i studimit 210 : Administrim Publik,Programi i studimit 229 : Administrim Publik,Programi i studimit 210 :  Administrim Publik ,Programi i studimit 210 :  Administrim Publik ,Programi i studimit 232 : Administrim Publik,UNIVERSITETI I DURRËSIT “Aleksandër Moisiu”
247,,Programi i studimit 211 : Politikë Ekonomike,Programi i studimit 230 : Politikë Ekonomike,Programi i studimit 211 :  Politikë Ekonomike ,Programi i studimit 211 :  Politikë Ekonomike ,Programi i studimit 230 : Politikë Ekonomike,UNIVERSITETI I DURRËSIT “Aleksandër Moisiu”
248,,Programi i studimit 212 : Marrëdhënie me Publikun,Programi i studimit 231 : Marrëdhënie me Publikun,Programi i studimit 212 :  Marrëdhënie me Publikun ,Programi i studimit 212 :  Marrëdhënie me Publikun ,Programi i studimit 231 : Marrëdhënie me Publikun,UNIVERSITETI I DURRËSIT “Aleksandër Moisiu”
249,,Programi i studimit 213 : Histori,Programi i studimit 232 : Histori,Programi i studimit 213 :  Histori ,Programi i studimit 213 :  Histori ,Programi i studimit 232 : Histori,UNIVERSITETI I DURRËSIT “Aleksandër Moisiu”
250,Programi i studimit 233 : Infermieri e Pergjithshme,Programi i studimit 214 : Infermieri e Përgjithshme,Programi i studimit 233 : Infermieri e Përgjithshme,Programi i studimit 214 :  Infermieri e Përgjithshme ,Programi i studimit 214 :  Infermieri e Përgjithshme ,Programi i studimit 233 : Infermieri e Pergjithshme,UNIVERSITETI I DURRËSIT “Aleksandër Moisiu”
251,,Programi i studimit 215 : Mami,Programi i studimit 234 : Mami,Programi i studimit 215 :  Mami ,Programi i studimit 215 :  Mami ,Programi i studimit 234 : Mami,UNIVERSITETI I DURRËSIT “Aleksandër Moisiu”
252,,Programi i studimit 216 : Fizioterapi,Programi i studimit 235 : Fizioterapi,Programi i studimit 216 :  Fizioterapi ,Programi i studimit 216 :  Fizioterapi ,Programi i studimit 235 : Fizioterapi,UNIVERSITETI I DURRËSIT “Aleksandër Moisiu”
253,,Programi i studimit 217 : Navigacion dhe Peshkim Detar,Programi i studimit 236 : Navigacion dhe Peshkim Detar,Programi i studimit 217 :  Navigacion dhe Peshkim Detar ,Programi i studimit 217 :  Navigacion dhe Peshkim Detar ,Programi i studimit 236 : Navigacion dhe Peshkim Detar,UNIVERSITETI I DURRËSIT “Aleksandër Moisiu”
254,,Programi i studimit 218 : Teknikë Elektrike (2- vjeçar),Programi i studimit 237 : Teknikë Elektrike (2- vjeçar),Programi i studimit 218 :  Teknikë Elektrike (2- vjeçar) ,Programi i studimit 218 :  Teknikë Elektrike (2- vjeçar) ,Programi i studimit 237 : Teknikë Elektrike (2- vjeçar),UNIVERSITETI I DURRËSIT “Aleksandër Moisiu”
255,,"Programi i studimit 219 : Hidroteknikë Ujësjellës Kanalizime
(2- vjeçar)","Programi i studimit 238 : Hidroteknikë Ujësjellës Kanalizime
(2- vjeçar)",Programi i studimit 219 :  Hidroteknikë Ujësjellës Kanalizime  (2- vjeçar) ,Programi i studimit 219 :  Hidroteknikë Ujësjellës Kanalizime  (2- vjeçar) ,"Programi i studimit 238 : Hidroteknikë Ujësjellës Kanalizime
(2- vjeçar)",UNIVERSITETI I DURRËSIT “Aleksandër Moisiu”
256,Programi i studimit 234 : Ndihmës Dentist (2- vjeçar),Programi i studimit 220 : Asistencë Stomatologji (2- vjeçar),Programi i studimit 239 : Asistencë Stomatologji (2- vjeçar),Programi i studimit 220 :  Asistencë Stomatologji (2- vjeçar) ,Programi i studimit 220 :  Asistencë Stomatologji (2- vjeçar) ,Programi i studimit 234 : Ndihmës Dentist (2- vjeçar),UNIVERSITETI I DURRËSIT “Aleksandër Moisiu”
257,Programi i studimit 235 : Menaxhim Ndërtimi (2- vjeçar),Programi i studimit 221 : Menaxhim Ndërtimi (2- vjeçar),Programi i studimit 240 : Menaxhim Ndërtimi (2- vjeçar),Programi i studimit 221 :  Menaxhim Ndërtimi (2- vjeçar) ,Programi i studimit 221 :  Menaxhim Ndërtimi (2- vjeçar) ,Programi i studimit 235 : Menaxhim Ndërtimi (2- vjeçar),UNIVERSITETI I DURRËSIT “Aleksandër Moisiu”
258,Programi i studimit 236 : Menaxhim Transporti (2- vjeçar),Programi i studimit 222 : Menaxhim Transporti (2- vjeçar),Programi i studimit 241 : Menaxhim Transporti (2- vjeçar),Programi i studimit 222 :  Menaxhim Transporti (2- vjeçar) ,Programi i studimit 222 :  Menaxhim Transporti (2- vjeçar) ,Programi i studimit 236 : Menaxhim Transporti (2- vjeçar),UNIVERSITETI I DURRËSIT “Aleksandër Moisiu”
259,Programi i studimit 237 : Asistent Ligjor (2- vjeçar),Programi i studimit 223 : Asistencë Ligjore (2- vjeçar),Programi i studimit 242 : Asistencë Ligjore (2- vjeçar),Programi i studimit 223 :  Asistencë Ligjore (2- vjeçar) ,Programi i studimit 223 :  Asistencë Ligjore (2- vjeçar) ,Programi i studimit 237 : Asistent Ligjor (2- vjeçar),UNIVERSITETI I DURRËSIT “Aleksandër Moisiu”
260,Programi i studimit 238 : Asistent Administrativ (2- vjeçar),Programi i studimit 224 : Asistencë Administrative (2- vjeçar),Programi i studimit 243 : Asistencë Administrative (2- vjeçar),Programi i studimit 224 :  Asistencë Administrative (2- vjeçar) ,Programi i studimit 224 :  Asistencë Administrative (2- vjeçar) ,Programi i studimit 238 : Asistent Administrativ (2- vjeçar),UNIVERSITETI I DURRËSIT “Aleksandër Moisiu”
261,Programi i studimit 239 : Teknologji Automobilash (2- vjeçar),Programi i studimit 225 : Teknologji Automobilash (2- vjeçar),Programi i studimit 244 : Teknologji Automobilash (2- vjeçar),Programi i studimit 225 :  Teknologji Automobilash (2- vjeçar) ,Programi i studimit 225 :  Teknologji Automobilash (2- vjeçar) ,Programi i studimit 239 : Teknologji Automobilash (2- vjeçar),UNIVERSITETI I DURRËSIT “Aleksandër Moisiu”
262,Programi i studimit 240 : Specialist Rrjetesh Kompjuterike (2- vjeçar),Programi i studimit 226 :  Teknikë e Rrjeteve Kompjuterike (2- vjeçar),Programi i studimit 245 : Teknikë e Rrjeteve Kompjuterike (2- vjeçar),Programi i studimit 226 :  Teknikë e Rrjeteve Kompjuterike (2- vjeçar) ,Programi i studimit 226 :  Teknikë e Rrjeteve Kompjuterike (2- vjeçar) ,Programi i studimit 240 : Specialist Rrjetesh Kompjuterike (2- vjeçar),UNIVERSITETI I DURRËSIT “Aleksandër Moisiu”
263,Programi i studimit 241 : Informatikë Praktike (2- vjeçar),Programi i studimit 227 : Informatikë Praktike (2- vjeçar),Programi i studimit 246 : Informatikë Praktike (2- vjeçar),Programi i studimit 227 :  Informatikë Praktike (2- vjeçar) ,Programi i studimit 227 :  Informatikë Praktike (2- vjeçar) ,Programi i studimit 241 : Informatikë Praktike (2- vjeçar),UNIVERSITETI I DURRËSIT “Aleksandër Moisiu”
264,Programi i studimit 242 : Gjuhë Angleze,Programi i studimit 228 : Gjuhë Angleze,Programi i studimit 247 : Gjuhë Angleze,Programi i studimit 228 :  Gjuhë Angleze ,Programi i studimit 228 :  Gjuhë Angleze ,Programi i studimit 242 : Gjuhë Angleze,UNIVERSITETI I DURRËSIT “Aleksandër Moisiu”
265,Programi i studimit 243 : Cikli i Ulët,Programi i studimit 229 : Mësuesi për Arsimin Fillor,Programi i studimit 248 : Mësuesi për Arsimin Fillor,Programi i studimit 229 :  Mësuesi për Arsimin Fillor ,Programi i studimit 229 :  Mësuesi për Arsimin Fillor ,Programi i studimit 248 : Mësuesi për Arsimin Fillor,UNIVERSITETI I DURRËSIT “Aleksandër Moisiu”
266,,Programi i studimit 230 : Mësuesi për Arsimin Parashkollor,Programi i studimit 249 : Mësuesi për Arsimin Parashkollor,Programi i studimit 230 :  Mësuesi për Arsimin Parashkollor ,Programi i studimit 230 :  Mësuesi për Arsimin Parashkollor ,Programi i studimit 249 : Mësuesi për Arsimin Parashkollor,UNIVERSITETI I DURRËSIT “Aleksandër Moisiu”
267,Programi i studimit 244 : Ekspert Procesi Formimi,Programi i studimit 231 : Ekspert Procesi Formimi,,Programi i studimit 231 :  Ekspert Procesi Formimi ,Programi i studimit 231 :  Ekspert Procesi Formimi ,Programi i studimit 244 : Ekspert Procesi Formimi,UNIVERSITETI I DURRËSIT “Aleksandër Moisiu”
268,Programi i studimit 245 : Psikologji-Sociologji,Programi i studimit 232 : Psikologji-Sociologji,,Programi i studimit 232 :  Psikologji-Sociologji ,Programi i studimit 232 :  Psikologji-Sociologji ,Programi i studimit 245 : Psikologji-Sociologji,UNIVERSITETI I DURRËSIT “Aleksandër Moisiu”
269,Programi i studimit 246 : Gjuhë Letërsi - Anglisht,Programi i studimit 233 : Gjuhë Letërsi - Anglisht,Programi i studimit 250 : Gjuhë Letërsi - Anglisht,Programi i studimit 233 :  Gjuhë Letërsi - Anglisht  ,Programi i studimit 233 :  Gjuhë Letërsi - Anglisht  ,Programi i studimit 246 : Gjuhë Letërsi - Anglisht,UNIVERSITETI I DURRËSIT “Aleksandër Moisiu”
270,,Programi i studimit 234 : Gjermanisht-Anglisht,Programi i studimit 251 : Gjermanisht-Anglisht,Programi i studimit 234 :  Gjermanisht-Anglisht ,Programi i studimit 234 :  Gjermanisht-Anglisht ,Programi i studimit 251 : Gjermanisht-Anglisht,UNIVERSITETI I DURRËSIT “Aleksandër Moisiu”
271,Programi i studimit 247 : Shkenca Kompjuterike,Programi i studimit 235 : Shkenca Kompjuterike,Programi i studimit 252 : Shkenca Kompjuterike,Programi i studimit 235 :  Shkenca Kompjuterike ,Programi i studimit 235 :  Shkenca Kompjuterike ,Programi i studimit 247 : Shkenca Kompjuterike,UNIVERSITETI I DURRËSIT “Aleksandër Moisiu”
272,Programi i studimit 248 : Sistemet e Informacionit,Programi i studimit 236 : Sistemet e Informacionit,Programi i studimit 253 : Sistemet e Informacionit,Programi i studimit 236 :  Sistemet e Informacionit ,Programi i studimit 236 :  Sistemet e Informacionit ,Programi i studimit 248 : Sistemet e Informacionit,UNIVERSITETI I DURRËSIT “Aleksandër Moisiu”
273,Programi i studimit 249 : Teknologji Informacioni,Programi i studimit 237 : Teknologji Informacioni,Programi i studimit 254 : Teknologji Informacioni,Programi i studimit 237 :  Teknologji Informacioni ,Programi i studimit 237 :  Teknologji Informacioni ,Programi i studimit 249 : Teknologji Informacioni,UNIVERSITETI I DURRËSIT “Aleksandër Moisiu”
274,Programi i studimit 250 : Matematikë - Informatikë,Programi i studimit 238 : Matematikë - Informatikë,Programi i studimit 255 : Matematikë - Informatikë,Programi i studimit 238 :  Matematikë - Informatikë ,Programi i studimit 238 :  Matematikë - Informatikë ,Programi i studimit 250 : Matematikë - Informatikë,UNIVERSITETI I DURRËSIT “Aleksandër Moisiu”
275,Programi i studimit 251 : Informatikë - Anglisht,Programi i studimit 239 : Informatikë - Anglisht,Programi i studimit 256 : Informatikë - Anglisht,Programi i studimit 239 :  Informatikë - Anglisht ,Programi i studimit 239 :  Informatikë - Anglisht ,Programi i studimit 251 : Informatikë - Anglisht,UNIVERSITETI I DURRËSIT “Aleksandër Moisiu”
276,Programi i studimit 252 : Multimedia dhe Televizioni Dixhital,Programi i studimit 240 : Multimedia dhe Televizioni Dixhital,Programi i studimit 257 : Multimedia dhe Televizioni Dixhital,Programi i studimit 240 :  Multimedia dhe Televizioni Dixhital ,Programi i studimit 240 :  Multimedia dhe Televizioni Dixhital ,Programi i studimit 252 : Multimedia dhe Televizioni Dixhital,UNIVERSITETI I DURRËSIT “Aleksandër Moisiu”
277,Programi i studimit 253 : Financë - Kontabilitet  (Peshkopi),,,,,Programi i studimit 253 : Financë - Kontabilitet  (Peshkopi),UNIVERSITETI I DURRËSIT “Aleksandër Moisiu”
278,Programi i studimit 254 : Informatikë - Anglisht  (Peshkopi),,,,,Programi i studimit 254 : Informatikë - Anglisht  (Peshkopi),UNIVERSITETI I DURRËSIT “Aleksandër Moisiu”
279,"Programi i studimit 255 : Matematikë - Informatikë
(Peshkopi)",,,,,"Programi i studimit 255 : Matematikë - Informatikë
(Peshkopi)",UNIVERSITETI I DURRËSIT “Aleksandër Moisiu”
280,Programi i studimit 256 : Biologji-Kimi  (Peshkopi),,,,,Programi i studimit 256 : Biologji-Kimi  (Peshkopi),UNIVERSITETI I DURRËSIT “Aleksandër Moisiu”
281,Programi i studimit 257 : Psikologji - Sociologji  (Peshkopi),,,,,Programi i studimit 257 : Psikologji - Sociologji  (Peshkopi),UNIVERSITETI I DURRËSIT “Aleksandër Moisiu”
282,Programi i studimit 258 : Financë - Bankë  (Peshkopi),,,,,Programi i studimit 258 : Financë - Bankë  (Peshkopi),UNIVERSITETI I DURRËSIT “Aleksandër Moisiu”
283,Programi i studimit 259 : Gjuhë Letërsi - Anglisht  (Peshkopi),,,,,Programi i studimit 259 : Gjuhë Letërsi - Anglisht  (Peshkopi),UNIVERSITETI I DURRËSIT “Aleksandër Moisiu”
284,Programi i studimit 260 : Menaxhim - Marketing  (Peshkopi),,,,,Programi i studimit 260 : Menaxhim - Marketing  (Peshkopi),UNIVERSITETI I DURRËSIT “Aleksandër Moisiu”
285,Programi i studimit 261 : Administrim - Biznes  (Peshkopi),,,,,Programi i studimit 261 : Administrim - Biznes  (Peshkopi),UNIVERSITETI I DURRËSIT “Aleksandër Moisiu”
286,"Programi i studimit 262 : Infermieri e Përgjithshme
(Peshkopi)",,,,,"Programi i studimit 262 : Infermieri e Përgjithshme
(Peshkopi)",UNIVERSITETI I DURRËSIT “Aleksandër Moisiu”
287,Programi i studimit 263 : Matematikë - Fizikë  (Peshkopi),,,,,Programi i studimit 263 : Matematikë - Fizikë  (Peshkopi),UNIVERSITETI I DURRËSIT “Aleksandër Moisiu”
288,"Programi i studimit 264 : Menaxhim i Bankave  (Program në
Gjuhë Angleze)","Programi i studimit 241 : Menaxhim i Bankave  (Program në
Gjuhë Angleze)","Programi i studimit 258 : Menaxhim i Bankave  (Program në
Gjuhë Angleze)",Programi i studimit 241 :  Menaxhim i Bankave  (Program në Gjuhë Angleze) ,Programi i studimit 241 :  Menaxhim i Bankave  (Program në Gjuhë Angleze) ,"Programi i studimit 264 : Menaxhim i Bankave  (Program në
Gjuhë Angleze)",UNIVERSITETI I DURRËSIT “Aleksandër Moisiu”
289,"Programi i studimit 265 : Menaxhim Hoteleri Turizëm
(Program në Gjuhë Angleze)",,"Programi i studimit 259 : Menaxhim Hoteleri Turizëm
(Program në Gjuhë Angleze)",,,"Programi i studimit 265 : Menaxhim Hoteleri Turizëm
(Program në Gjuhë Angleze)",UNIVERSITETI I DURRËSIT “Aleksandër Moisiu”
290,Programi i studimit 266 : Menaxhim i Ndërmarrjeve të Vogla dhe të Mesme (Program në Gjuhë Angleze),Programi i studimit 242 :  Menaxhim i Ndërmarrjeve të Vogla dhe të Mesme (Program në Gjuhë Angleze),Programi i studimit 260 : Menaxhim i Ndërmarrjeve të Vogla dhe të Mesme (Program në Gjuhë Angleze),Programi i studimit 242 :  Menaxhim i Ndërmarrjeve të Vogla dhe të Mesme  (Program në Gjuhë Angleze) ,Programi i studimit 242 :  Menaxhim i Ndërmarrjeve të Vogla dhe të Mesme  (Program në Gjuhë Angleze) ,Programi i studimit 266 : Menaxhim i Ndërmarrjeve të Vogla dhe të Mesme (Program në Gjuhë Angleze),UNIVERSITETI I DURRËSIT “Aleksandër Moisiu”
291,"Programi i studimit 267 : Multimedia dhe Teknologji
Informacioni (Program në Gjuhë Angleze)",,,,,"Programi i studimit 267 : Multimedia dhe Teknologji
Informacioni (Program në Gjuhë Angleze)",UNIVERSITETI I DURRËSIT “Aleksandër Moisiu”
292,Programi i studimit 268 : Regji Filmi dhe TV,Programi i studimit 243 : Regji Filmi dhe Televizioni,Programi i studimit 261 : Regji Filmi dhe Televizioni,Programi i studimit 243 :  Regji Filmi dhe Televizioni ,Programi i studimit 243 :  Regji Filmi dhe Televizioni ,Programi i studimit 268 : Regji Filmi dhe TV,UNIVERSITETI I ARTEVE TIRANË
293,Programi i studimit 269 : Aktrim,Programi i studimit 244 : Aktrim,Programi i studimit 262 : Aktrim,Programi i studimit 244 :  Aktrim ,Programi i studimit 244 :  Aktrim ,Programi i studimit 269 : Aktrim,UNIVERSITETI I ARTEVE TIRANË
294,Programi i studimit 270 : Regji,Programi i studimit 245 : Regji,Programi i studimit 263 : Regji,Programi i studimit 245 :  Regji ,Programi i studimit 245 :  Regji ,Programi i studimit 270 : Regji,UNIVERSITETI I ARTEVE TIRANË
295,Programi i studimit 271 : Skenografi - Kostumografi,Programi i studimit 246 : Skenografi - Kostumografi,Programi i studimit 264 : Skenografi - Kostumografi,Programi i studimit 246 :  Skenografi - Kostumografi ,Programi i studimit 246 :  Skenografi - Kostumografi ,Programi i studimit 271 : Skenografi - Kostumografi,UNIVERSITETI I ARTEVE TIRANË
296,Programi i studimit 272 : Koreografi,Programi i studimit 247 : Koreografi,Programi i studimit 265 : Koreografi,Programi i studimit 247 :  Koreografi ,Programi i studimit 247 :  Koreografi ,Programi i studimit 272 : Koreografi,UNIVERSITETI I ARTEVE TIRANË
297,Programi i studimit 273 : Pikturë,Programi i studimit 248 : Pikturë,Programi i studimit 266 : Pikturë,Programi i studimit 248 :  Pikturë ,Programi i studimit 248 :  Pikturë ,Programi i studimit 273 : Pikturë,UNIVERSITETI I ARTEVE TIRANË
298,Programi i studimit 274 : Skulpturë,Programi i studimit 249 : Skulpturë,Programi i studimit 267 : Skulpturë,Programi i studimit 249 :  Skulpturë ,Programi i studimit 249 :  Skulpturë ,Programi i studimit 274 : Skulpturë,UNIVERSITETI I ARTEVE TIRANË
299,Programi i studimit 275 : Muzikologji,Programi i studimit 250 : Muzikologji,Programi i studimit 268 : Muzikologji,Programi i studimit 250 :  Muzikologji ,Programi i studimit 250 :  Muzikologji ,Programi i studimit 275 : Muzikologji,UNIVERSITETI I ARTEVE TIRANË
300,Programi i studimit 276 : Kompozim,Programi i studimit 251 : Kompozim,Programi i studimit 269 : Kompozim,Programi i studimit 251 :  Kompozim ,Programi i studimit 251 :  Kompozim ,Programi i studimit 276 : Kompozim,UNIVERSITETI I ARTEVE TIRANË
301,Programi i studimit 277 : Dirizhim,Programi i studimit 252 : Dirizhim,Programi i studimit 270 : Dirizhim,Programi i studimit 252 :  Dirizhim ,Programi i studimit 252 :  Dirizhim ,Programi i studimit 277 : Dirizhim,UNIVERSITETI I ARTEVE TIRANË
302,Programi i studimit 278 : Piano,Programi i studimit 253 : Piano,Programi i studimit 271 : Piano,Programi i studimit 253 :  Piano ,Programi i studimit 253 :  Piano ,Programi i studimit 278 : Piano,UNIVERSITETI I ARTEVE TIRANË
303,Programi i studimit 279 : Violinë,Programi i studimit 254 : Violinë,Programi i studimit 272 : Violinë,Programi i studimit 254 :  Violinë ,Programi i studimit 254 :  Violinë ,Programi i studimit 279 : Violinë,UNIVERSITETI I ARTEVE TIRANË
304,Programi i studimit 280 : Violonçel,Programi i studimit 255 : Violonçel,Programi i studimit 273 : Violonçel,Programi i studimit 255 :  Violonçel ,Programi i studimit 255 :  Violonçel ,Programi i studimit 280 : Violonçel,UNIVERSITETI I ARTEVE TIRANË
305,Programi i studimit 281 : Violë,Programi i studimit 256 : Violë,Programi i studimit 274 : Violë,Programi i studimit 256 :  Violë ,Programi i studimit 256 :  Violë ,Programi i studimit 281 : Violë,UNIVERSITETI I ARTEVE TIRANË
306,Programi i studimit 282 : Kitarë,Programi i studimit 257 : Kitarë,Programi i studimit 275 : Kitarë,Programi i studimit 257 :  Kitarë ,Programi i studimit 257 :  Kitarë ,Programi i studimit 282 : Kitarë,UNIVERSITETI I ARTEVE TIRANË
307,Programi i studimit 283 : Kontrabas,Programi i studimit 258 : Kontrabas,Programi i studimit 276 : Kontrabas,Programi i studimit 258 :  Kontrabas ,Programi i studimit 258 :  Kontrabas ,Programi i studimit 283 : Kontrabas,UNIVERSITETI I ARTEVE TIRANË
308,Programi i studimit 284 : Flaut,,Programi i studimit 277 : Flaut,Programi i studimit 259 :  Flaut ,Programi i studimit 259 :  Flaut ,Programi i studimit 284 : Flaut,UNIVERSITETI I ARTEVE TIRANË
309,Programi i studimit 285 : Oboe,,Programi i studimit 278 : Oboe,Programi i studimit 260 :  Oboe ,Programi i studimit 260 :  Oboe ,Programi i studimit 285 : Oboe,UNIVERSITETI I ARTEVE TIRANË
310,Programi i studimit 286 : Klarinetë,Programi i studimit 261 : Klarinetë,Programi i studimit 279 : Klarinetë,Programi i studimit 261 :  Klarinetë ,Programi i studimit 261 :  Klarinetë ,Programi i studimit 286 : Klarinetë,UNIVERSITETI I ARTEVE TIRANË
311,Programi i studimit 287 : Fagot,,Programi i studimit 280 : Fagot,Programi i studimit 262 :  Fagot ,Programi i studimit 262 :  Fagot ,Programi i studimit 287 : Fagot,UNIVERSITETI I ARTEVE TIRANË
312,,Programi i studimit 263 : Korno,Programi i studimit 281 : Korno,Programi i studimit 263 :  Korno ,Programi i studimit 263 :  Korno ,Programi i studimit 281 : Korno,UNIVERSITETI I ARTEVE TIRANË
313,Programi i studimit 289 : Trombë,Programi i studimit 264 : Trombë,Programi i studimit 282 : Trombë,Programi i studimit 264 :  Trombë ,Programi i studimit 264 :  Trombë ,Programi i studimit 289 : Trombë,UNIVERSITETI I ARTEVE TIRANË
314,Programi i studimit 290 : Trombonë,,,Programi i studimit 265 :  Trombonë ,Programi i studimit 265 :  Trombonë ,Programi i studimit 290 : Trombonë,UNIVERSITETI I ARTEVE TIRANË
315,,Programi i studimit 266 : Bastub,,Programi i studimit 266 :  Bastub ,Programi i studimit 266 :  Bastub ,Programi i studimit 266 : Bastub,UNIVERSITETI I ARTEVE TIRANË
316,Programi i studimit 292 : Kanto,Programi i studimit 267 : Kanto,Programi i studimit 285 : Kanto,Programi i studimit 267 :  Kanto ,Programi i studimit 267 :  Kanto ,Programi i studimit 292 : Kanto,UNIVERSITETI I ARTEVE TIRANË
317,Programi i studimit 293 : Pedagogji Muzikore,Programi i studimit 268 : Pedagogji Muzikore,Programi i studimit 286 : Pedagogji Muzikore,Programi i studimit 268 :  Pedagogji Muzikore ,Programi i studimit 268 :  Pedagogji Muzikore ,Programi i studimit 293 : Pedagogji Muzikore,UNIVERSITETI I ARTEVE TIRANË
318,Programi i studimit 294 : Fizarmonikë Klasike,Programi i studimit 269 : Fizarmonikë Klasike,Programi i studimit 287 : Fizarmonikë Klasike,Programi i studimit 269 :  Fizarmonikë Klasike ,Programi i studimit 269 :  Fizarmonikë Klasike ,Programi i studimit 294 : Fizarmonikë Klasike,UNIVERSITETI I ARTEVE TIRANË
319,Programi i studimit 295 : Shkencat e Lëvizjes,Programi i studimit 270 : Shkencat e Lëvizjes,Programi i studimit 288 : Shkencat e Lëvizjes,Programi i studimit 270 :  Shkencat e Lëvizjes ,Programi i studimit 270 :  Shkencat e Lëvizjes ,Programi i studimit 295 : Shkencat e Lëvizjes,UNIVERSITETI I SPORTEVE TË TIRANËS
320,Programi i studimit 296 : Fushat e Veprimtarisë Fizike të Shëndetit dhe të Rekreacionit,Programi i studimit 271 : Fushat e Veprimtarisë Fizike të Shëndetit dhe të Rekreacionit,Programi i studimit 289 : Fushat e Veprimtarisë Fizike të Shëndetit dhe të Rekreacionit,"Programi i studimit 271 :  Fushat e Veprimtarisë Fizike, të Shëndetit dhe të Rekreacionit ","Programi i studimit 271 :  Fushat e Veprimtarisë Fizike, të Shëndetit dhe të Rekreacionit ","Programi i studimit 271 :  Fushat e Veprimtarisë Fizike, të Shëndetit dhe të Rekreacionit ",UNIVERSITETI I SPORTEVE TË TIRANËS
321,Programi i studimit 298 : Piano,,,,,Programi i studimit 298 : Piano,UNIVERSITETI I ARTEVE TIRANË
322,Programi i studimit 302 : Pikturë,,,,,Programi i studimit 302 : Pikturë,UNIVERSITETI I ARTEVE TIRANË
323,Programi i studimit 303 : Pikturë - Grafikë,,,,,Programi i studimit 303 : Pikturë - Grafikë,UNIVERSITETI I ARTEVE TIRANË
